,country
0,Angola
1,Angola
2,Angola
3,Angola
4,Angola
5,Angola
6,Angola
7,Angola
8,Angola
9,Angola
10,Angola
11,Angola
12,Angola
13,Angola
14,Angola
15,Angola
16,Angola
17,Angola
18,Angola
19,Angola
20,Angola
21,Angola
22,Angola
23,Angola
24,Angola
25,Angola
26,Angola
27,Angola
28,Angola
29,Angola
30,Angola
31,Angola
32,Angola
33,Angola
34,Angola
35,Angola
36,Angola
37,Angola
38,Angola
39,Angola
40,Angola
41,Angola
42,Angola
43,Angola
44,Angola
45,Angola
46,Angola
47,Angola
48,Angola
49,Angola
50,Angola
51,Angola
52,Angola
53,Angola
54,Angola
55,Angola
56,Angola
57,Angola
95,Belize
96,Belize
97,Belize
98,Belize
99,Belize
100,Belize
101,Belize
102,Belize
103,Belize
104,Belize
105,Belize
106,Belize
107,Belize
108,Belize
109,Belize
110,Belize
111,Belize
112,Belize
113,Belize
114,Belize
115,Belize
116,Benin
117,Benin
118,Benin
119,Benin
120,Benin
121,Benin
122,Benin
123,Benin
124,Benin
125,Benin
126,Benin
127,Benin
128,Benin
129,Benin
130,Benin
131,Benin
132,Benin
133,Benin
134,Benin
135,Benin
136,Benin
137,Benin
138,Benin
139,Benin
140,Benin
141,Benin
142,Benin
143,Benin
144,Benin
145,Benin
146,Benin
147,Benin
148,Benin
149,Benin
150,Benin
151,Benin
152,Benin
153,Benin
154,Benin
155,Benin
156,Benin
157,Benin
158,Benin
159,Benin
160,Benin
161,Benin
162,Benin
163,Benin
164,Benin
165,Benin
166,Benin
167,Benin
168,Benin
169,Benin
170,Benin
171,Benin
172,Benin
173,Benin
174,Bolivia (Plurinational State of)
175,Bolivia (Plurinational State of)
176,Bolivia (Plurinational State of)
177,Bolivia (Plurinational State of)
178,Bolivia (Plurinational State of)
179,Bolivia (Plurinational State of)
180,Bolivia (Plurinational State of)
181,Bolivia (Plurinational State of)
182,Bolivia (Plurinational State of)
183,Bolivia (Plurinational State of)
184,Bolivia (Plurinational State of)
185,Bolivia (Plurinational State of)
186,Bolivia (Plurinational State of)
187,Bolivia (Plurinational State of)
188,Bolivia (Plurinational State of)
189,Bolivia (Plurinational State of)
190,Bolivia (Plurinational State of)
191,Bolivia (Plurinational State of)
192,Bolivia (Plurinational State of)
193,Bolivia (Plurinational State of)
194,Bolivia (Plurinational State of)
195,Bolivia (Plurinational State of)
196,Bolivia (Plurinational State of)
197,Bolivia (Plurinational State of)
198,Bolivia (Plurinational State of)
199,Bolivia (Plurinational State of)
200,Bolivia (Plurinational State of)
201,Bolivia (Plurinational State of)
202,Bolivia (Plurinational State of)
203,Bolivia (Plurinational State of)
204,Bolivia (Plurinational State of)
205,Bolivia (Plurinational State of)
206,Bolivia (Plurinational State of)
207,Bolivia (Plurinational State of)
208,Bolivia (Plurinational State of)
209,Bolivia (Plurinational State of)
210,Bolivia (Plurinational State of)
211,Bolivia (Plurinational State of)
212,Bolivia (Plurinational State of)
213,Bolivia (Plurinational State of)
214,Bolivia (Plurinational State of)
215,Bolivia (Plurinational State of)
216,Bolivia (Plurinational State of)
217,Bolivia (Plurinational State of)
218,Bolivia (Plurinational State of)
219,Bolivia (Plurinational State of)
220,Bolivia (Plurinational State of)
221,Bolivia (Plurinational State of)
222,Bolivia (Plurinational State of)
223,Bolivia (Plurinational State of)
224,Bolivia (Plurinational State of)
225,Bolivia (Plurinational State of)
226,Bolivia (Plurinational State of)
227,Bolivia (Plurinational State of)
228,Bolivia (Plurinational State of)
229,Bolivia (Plurinational State of)
230,Bolivia (Plurinational State of)
231,Bolivia (Plurinational State of)
232,Brazil
233,Brazil
234,Brazil
235,Brazil
236,Brazil
237,Brazil
238,Brazil
239,Brazil
240,Brazil
241,Brazil
242,Brazil
243,Brazil
244,Brazil
245,Brazil
246,Brazil
247,Brazil
248,Brazil
249,Brazil
250,Brazil
251,Brazil
252,Brazil
253,Brazil
254,Brazil
255,Brazil
256,Brazil
257,Brazil
258,Brazil
259,Brazil
260,Brazil
261,Brazil
262,Brazil
263,Brazil
264,Brazil
265,Brazil
266,Brazil
267,Brazil
268,Brazil
269,Brazil
270,Brazil
271,Brazil
272,Brazil
273,Brazil
274,Brazil
275,Brazil
276,Brazil
277,Brazil
278,Brazil
279,Brazil
280,Brazil
281,Brazil
282,Brazil
283,Brazil
284,Brazil
285,Brazil
286,Brazil
287,Brazil
288,Brazil
289,Brazil
290,Burundi
291,Burundi
292,Burundi
293,Burundi
294,Burundi
295,Burundi
296,Burundi
297,Burundi
298,Burundi
299,Burundi
300,Burundi
301,Burundi
302,Burundi
303,Burundi
304,Burundi
305,Burundi
306,Burundi
307,Burundi
308,Burundi
309,Burundi
310,Burundi
311,Burundi
312,Burundi
313,Burundi
314,Burundi
315,Burundi
316,Burundi
317,Burundi
318,Burundi
319,Burundi
320,Burundi
321,Burundi
322,Burundi
323,Burundi
324,Burundi
325,Burundi
326,Burundi
327,Burundi
328,Burundi
329,Burundi
330,Burundi
331,Burundi
332,Burundi
333,Burundi
334,Burundi
335,Burundi
336,Burundi
337,Burundi
338,Burundi
339,Burundi
340,Burundi
341,Burundi
342,Burundi
343,Burundi
344,Burundi
345,Burundi
346,Burundi
347,Burundi
348,Cabo Verde
349,Cabo Verde
350,Cabo Verde
351,Cabo Verde
352,Cabo Verde
353,Cabo Verde
354,Cabo Verde
355,Cabo Verde
356,Cabo Verde
357,Cabo Verde
358,Cabo Verde
359,Cabo Verde
360,Cabo Verde
361,Cabo Verde
362,Cabo Verde
363,Cabo Verde
364,Cabo Verde
365,Cabo Verde
366,Cabo Verde
367,Cabo Verde
368,Cabo Verde
369,Cabo Verde
370,Cabo Verde
371,Cabo Verde
372,Cabo Verde
373,Cabo Verde
374,Cabo Verde
375,Cabo Verde
376,Cabo Verde
377,Cabo Verde
378,Cabo Verde
379,Cabo Verde
398,Cabo Verde
399,Cabo Verde
400,Cabo Verde
401,Cabo Verde
402,Cabo Verde
403,Cabo Verde
404,Cabo Verde
405,Cabo Verde
406,Cambodia
407,Cambodia
408,Cambodia
409,Cambodia
410,Cambodia
411,Cambodia
412,Cambodia
413,Cambodia
414,Cambodia
415,Cambodia
416,Cambodia
417,Cambodia
418,Cambodia
419,Cambodia
420,Cambodia
421,Cambodia
422,Cambodia
423,Cambodia
424,Cambodia
425,Cambodia
426,Cambodia
427,Cambodia
428,Cambodia
429,Cambodia
430,Cambodia
431,Cambodia
432,Cambodia
433,Cambodia
434,Cambodia
435,Cambodia
436,Cambodia
437,Cambodia
438,Cambodia
439,Cambodia
440,Cambodia
441,Cambodia
442,Cambodia
443,Cambodia
444,Cambodia
445,Cambodia
446,Cambodia
447,Cambodia
448,Cambodia
449,Cambodia
450,Cambodia
451,Cambodia
452,Cambodia
453,Cambodia
454,Cambodia
455,Cambodia
456,Cambodia
457,Cambodia
458,Cambodia
459,Cambodia
460,Cambodia
461,Cambodia
462,Cambodia
463,Cambodia
464,Cameroon
465,Cameroon
466,Cameroon
467,Cameroon
468,Cameroon
469,Cameroon
470,Cameroon
471,Cameroon
472,Cameroon
473,Cameroon
474,Cameroon
475,Cameroon
476,Cameroon
477,Cameroon
478,Cameroon
479,Cameroon
480,Cameroon
481,Cameroon
482,Cameroon
483,Cameroon
484,Cameroon
485,Cameroon
486,Cameroon
487,Cameroon
488,Cameroon
489,Cameroon
490,Cameroon
491,Cameroon
492,Cameroon
493,Cameroon
494,Cameroon
495,Cameroon
496,Cameroon
497,Cameroon
498,Cameroon
499,Cameroon
500,Cameroon
501,Cameroon
502,Cameroon
503,Cameroon
504,Cameroon
505,Cameroon
506,Cameroon
507,Cameroon
508,Cameroon
509,Cameroon
510,Cameroon
511,Cameroon
512,Cameroon
513,Cameroon
514,Cameroon
515,Cameroon
516,Cameroon
517,Cameroon
518,Cameroon
519,Cameroon
520,Cameroon
521,Cameroon
522,Central African Republic
523,Central African Republic
524,Central African Republic
525,Central African Republic
526,Central African Republic
527,Central African Republic
528,Central African Republic
529,Central African Republic
530,Central African Republic
531,Central African Republic
532,Central African Republic
533,Central African Republic
534,Central African Republic
535,Central African Republic
536,Central African Republic
537,Central African Republic
538,Central African Republic
539,Central African Republic
540,Central African Republic
541,Central African Republic
542,Central African Republic
543,Central African Republic
544,Central African Republic
545,Central African Republic
546,Central African Republic
547,Central African Republic
548,Central African Republic
549,Central African Republic
550,Central African Republic
551,Central African Republic
552,Central African Republic
553,Central African Republic
554,Central African Republic
555,Central African Republic
556,Central African Republic
557,Central African Republic
558,Central African Republic
559,Central African Republic
560,Central African Republic
561,Central African Republic
562,Central African Republic
563,Central African Republic
564,Central African Republic
565,Central African Republic
566,Central African Republic
567,Central African Republic
568,Central African Republic
569,Central African Republic
570,Central African Republic
571,Central African Republic
572,Central African Republic
573,Central African Republic
574,Central African Republic
575,Central African Republic
576,Central African Republic
577,Central African Republic
578,Central African Republic
579,Central African Republic
580,China
581,China
582,China
583,China
584,China
585,China
586,China
587,China
588,China
589,China
590,China
591,China
592,China
593,China
594,China
595,China
596,China
597,China
598,China
599,China
600,China
601,China
602,China
603,China
604,China
605,China
606,China
607,China
608,China
609,China
610,China
611,China
612,China
613,China
614,China
615,China
616,China
617,China
618,China
619,China
620,China
621,China
622,China
623,China
624,China
625,China
626,China
627,China
628,China
629,China
630,China
631,China
632,China
633,China
634,China
635,China
636,China
637,China
638,"China, mainland"
639,"China, mainland"
640,"China, mainland"
641,"China, mainland"
642,"China, mainland"
643,"China, mainland"
644,"China, mainland"
645,"China, mainland"
646,"China, mainland"
647,"China, mainland"
648,"China, mainland"
649,"China, mainland"
650,"China, mainland"
651,"China, mainland"
652,"China, mainland"
653,"China, mainland"
654,"China, mainland"
655,"China, mainland"
656,"China, mainland"
657,"China, mainland"
658,"China, mainland"
659,"China, mainland"
660,"China, mainland"
661,"China, mainland"
662,"China, mainland"
663,"China, mainland"
664,"China, mainland"
665,"China, mainland"
666,"China, mainland"
667,"China, mainland"
668,"China, mainland"
669,"China, mainland"
670,"China, mainland"
671,"China, mainland"
672,"China, mainland"
673,"China, mainland"
674,"China, mainland"
675,"China, mainland"
676,"China, mainland"
677,"China, mainland"
678,"China, mainland"
679,"China, mainland"
680,"China, mainland"
681,"China, mainland"
682,"China, mainland"
683,"China, mainland"
684,"China, mainland"
685,"China, mainland"
686,"China, mainland"
687,"China, mainland"
688,"China, mainland"
689,"China, mainland"
690,"China, mainland"
691,"China, mainland"
692,"China, mainland"
693,"China, mainland"
694,"China, mainland"
695,"China, mainland"
696,"China, Taiwan Province of"
697,"China, Taiwan Province of"
698,"China, Taiwan Province of"
699,"China, Taiwan Province of"
700,"China, Taiwan Province of"
701,"China, Taiwan Province of"
702,"China, Taiwan Province of"
703,"China, Taiwan Province of"
704,"China, Taiwan Province of"
705,"China, Taiwan Province of"
706,"China, Taiwan Province of"
707,"China, Taiwan Province of"
708,"China, Taiwan Province of"
709,"China, Taiwan Province of"
710,"China, Taiwan Province of"
711,"China, Taiwan Province of"
712,"China, Taiwan Province of"
713,"China, Taiwan Province of"
714,"China, Taiwan Province of"
715,"China, Taiwan Province of"
716,"China, Taiwan Province of"
717,"China, Taiwan Province of"
718,"China, Taiwan Province of"
719,"China, Taiwan Province of"
720,"China, Taiwan Province of"
721,"China, Taiwan Province of"
722,"China, Taiwan Province of"
723,"China, Taiwan Province of"
724,"China, Taiwan Province of"
725,"China, Taiwan Province of"
726,"China, Taiwan Province of"
727,"China, Taiwan Province of"
728,"China, Taiwan Province of"
729,"China, Taiwan Province of"
730,"China, Taiwan Province of"
731,"China, Taiwan Province of"
732,"China, Taiwan Province of"
733,"China, Taiwan Province of"
734,"China, Taiwan Province of"
735,"China, Taiwan Province of"
736,"China, Taiwan Province of"
737,"China, Taiwan Province of"
738,"China, Taiwan Province of"
739,"China, Taiwan Province of"
740,"China, Taiwan Province of"
741,"China, Taiwan Province of"
742,"China, Taiwan Province of"
743,"China, Taiwan Province of"
744,"China, Taiwan Province of"
745,"China, Taiwan Province of"
746,"China, Taiwan Province of"
747,Colombia
748,Colombia
749,Colombia
750,Colombia
751,Colombia
752,Colombia
753,Colombia
754,Colombia
755,Colombia
756,Colombia
757,Colombia
758,Colombia
759,Colombia
760,Colombia
761,Colombia
762,Colombia
763,Colombia
764,Colombia
765,Colombia
766,Colombia
767,Colombia
768,Colombia
769,Colombia
770,Colombia
771,Colombia
772,Colombia
773,Colombia
774,Colombia
775,Colombia
776,Colombia
777,Colombia
778,Colombia
779,Colombia
780,Colombia
781,Colombia
782,Colombia
783,Colombia
784,Colombia
785,Colombia
786,Colombia
787,Colombia
788,Colombia
789,Colombia
790,Colombia
791,Colombia
792,Colombia
793,Colombia
794,Colombia
795,Colombia
796,Colombia
797,Colombia
798,Colombia
799,Colombia
800,Colombia
801,Colombia
802,Colombia
803,Colombia
804,Colombia
805,Comoros
806,Comoros
807,Comoros
808,Comoros
809,Comoros
810,Comoros
811,Comoros
812,Comoros
813,Comoros
814,Comoros
815,Comoros
816,Comoros
817,Comoros
818,Comoros
819,Comoros
820,Comoros
821,Comoros
822,Comoros
823,Comoros
824,Comoros
825,Comoros
826,Comoros
827,Comoros
828,Comoros
829,Comoros
830,Comoros
831,Comoros
832,Comoros
833,Comoros
834,Comoros
835,Comoros
836,Comoros
837,Comoros
838,Comoros
839,Comoros
840,Comoros
841,Comoros
842,Comoros
843,Comoros
844,Comoros
845,Comoros
846,Comoros
847,Comoros
848,Comoros
849,Comoros
850,Comoros
851,Comoros
852,Comoros
853,Comoros
854,Comoros
855,Comoros
856,Comoros
857,Comoros
858,Comoros
859,Comoros
860,Comoros
861,Comoros
862,Comoros
863,Congo
864,Congo
865,Congo
866,Congo
867,Congo
868,Congo
869,Congo
870,Congo
871,Congo
872,Congo
873,Congo
874,Congo
875,Congo
876,Congo
877,Congo
878,Congo
879,Congo
880,Congo
881,Congo
882,Congo
883,Congo
884,Congo
885,Congo
886,Congo
887,Congo
888,Congo
889,Congo
890,Congo
891,Congo
892,Congo
893,Congo
894,Congo
895,Congo
896,Congo
897,Congo
898,Congo
899,Congo
900,Congo
901,Congo
902,Congo
903,Congo
904,Congo
905,Congo
906,Congo
907,Congo
908,Congo
909,Congo
910,Congo
911,Congo
912,Congo
913,Congo
914,Congo
915,Congo
916,Congo
917,Congo
918,Congo
919,Congo
920,Congo
921,Cook Islands
922,Cook Islands
923,Cook Islands
924,Cook Islands
925,Cook Islands
926,Cook Islands
927,Cook Islands
928,Cook Islands
929,Cook Islands
930,Cook Islands
931,Cook Islands
932,Cook Islands
933,Cook Islands
934,Cook Islands
935,Cook Islands
936,Cook Islands
937,Cook Islands
938,Cook Islands
939,Cook Islands
940,Cook Islands
941,Cook Islands
942,Cook Islands
943,Cook Islands
944,Cook Islands
945,Cook Islands
946,Cook Islands
947,Cook Islands
948,Cook Islands
949,Cook Islands
950,Cook Islands
951,Cook Islands
952,Cook Islands
953,Cook Islands
954,Cook Islands
955,Cook Islands
956,Cook Islands
957,Cook Islands
958,Cook Islands
959,Cook Islands
960,Cook Islands
961,Cook Islands
962,Cook Islands
963,Cook Islands
964,Cook Islands
965,Cook Islands
966,Cook Islands
967,Cook Islands
968,Cook Islands
969,Cook Islands
970,Cook Islands
971,Cook Islands
972,Cook Islands
973,Cook Islands
974,Cook Islands
975,Cook Islands
976,Cook Islands
977,Cook Islands
978,Cook Islands
979,Costa Rica
980,Costa Rica
981,Costa Rica
982,Costa Rica
983,Costa Rica
984,Costa Rica
985,Costa Rica
986,Costa Rica
987,Costa Rica
988,Costa Rica
989,Costa Rica
990,Costa Rica
991,Costa Rica
992,Costa Rica
993,Costa Rica
994,Costa Rica
995,Costa Rica
996,Costa Rica
997,Costa Rica
998,Costa Rica
999,Costa Rica
1000,Costa Rica
1001,Costa Rica
1002,Costa Rica
1003,Costa Rica
1004,Costa Rica
1005,Costa Rica
1006,Costa Rica
1007,Costa Rica
1008,Costa Rica
1009,Costa Rica
1010,Costa Rica
1011,Costa Rica
1012,Costa Rica
1013,Costa Rica
1014,Costa Rica
1015,Costa Rica
1016,Costa Rica
1017,Costa Rica
1018,Costa Rica
1019,Costa Rica
1020,Costa Rica
1021,Costa Rica
1022,Costa Rica
1023,Costa Rica
1024,Costa Rica
1025,Costa Rica
1026,Costa Rica
1027,Costa Rica
1028,Costa Rica
1029,Costa Rica
1030,Costa Rica
1031,Costa Rica
1032,Costa Rica
1033,Costa Rica
1034,Costa Rica
1035,Costa Rica
1036,Costa Rica
1037,Cuba
1038,Cuba
1039,Cuba
1040,Cuba
1041,Cuba
1042,Cuba
1043,Cuba
1044,Cuba
1045,Cuba
1046,Cuba
1047,Cuba
1048,Cuba
1049,Cuba
1050,Cuba
1051,Cuba
1052,Cuba
1053,Cuba
1054,Cuba
1055,Cuba
1056,Cuba
1057,Cuba
1058,Cuba
1059,Cuba
1060,Cuba
1061,Cuba
1062,Cuba
1063,Cuba
1064,Cuba
1065,Cuba
1066,Cuba
1067,Cuba
1068,Cuba
1069,Cuba
1070,Cuba
1071,Cuba
1072,Cuba
1073,Cuba
1074,Cuba
1075,Cuba
1076,Cuba
1077,Cuba
1078,Cuba
1079,Cuba
1080,Cuba
1081,Cuba
1082,Cuba
1083,Cuba
1084,Cuba
1085,Cuba
1086,Cuba
1087,Cuba
1088,Cuba
1089,Cuba
1090,Cuba
1091,Cuba
1092,Cuba
1093,Cuba
1094,Cuba
1095,Democratic Republic of the Congo
1096,Democratic Republic of the Congo
1097,Democratic Republic of the Congo
1098,Democratic Republic of the Congo
1099,Democratic Republic of the Congo
1100,Democratic Republic of the Congo
1101,Democratic Republic of the Congo
1102,Democratic Republic of the Congo
1103,Democratic Republic of the Congo
1104,Democratic Republic of the Congo
1105,Democratic Republic of the Congo
1106,Democratic Republic of the Congo
1107,Democratic Republic of the Congo
1108,Democratic Republic of the Congo
1109,Democratic Republic of the Congo
1110,Democratic Republic of the Congo
1111,Democratic Republic of the Congo
1112,Democratic Republic of the Congo
1113,Democratic Republic of the Congo
1114,Democratic Republic of the Congo
1115,Democratic Republic of the Congo
1116,Democratic Republic of the Congo
1117,Democratic Republic of the Congo
1118,Democratic Republic of the Congo
1119,Democratic Republic of the Congo
1120,Democratic Republic of the Congo
1121,Democratic Republic of the Congo
1122,Democratic Republic of the Congo
1123,Democratic Republic of the Congo
1124,Democratic Republic of the Congo
1125,Democratic Republic of the Congo
1126,Democratic Republic of the Congo
1127,Democratic Republic of the Congo
1128,Democratic Republic of the Congo
1129,Democratic Republic of the Congo
1130,Democratic Republic of the Congo
1131,Democratic Republic of the Congo
1132,Democratic Republic of the Congo
1133,Democratic Republic of the Congo
1134,Democratic Republic of the Congo
1135,Democratic Republic of the Congo
1136,Democratic Republic of the Congo
1137,Democratic Republic of the Congo
1138,Democratic Republic of the Congo
1139,Democratic Republic of the Congo
1140,Democratic Republic of the Congo
1141,Democratic Republic of the Congo
1142,Democratic Republic of the Congo
1143,Democratic Republic of the Congo
1144,Democratic Republic of the Congo
1145,Democratic Republic of the Congo
1146,Democratic Republic of the Congo
1147,Democratic Republic of the Congo
1148,Democratic Republic of the Congo
1149,Democratic Republic of the Congo
1150,Democratic Republic of the Congo
1151,Democratic Republic of the Congo
1152,Democratic Republic of the Congo
1153,Dominica
1154,Dominica
1155,Dominica
1156,Dominica
1157,Dominica
1158,Dominica
1159,Dominica
1160,Dominica
1161,Dominica
1162,Dominica
1163,Dominica
1164,Dominica
1165,Dominica
1166,Dominica
1167,Dominica
1168,Dominica
1169,Dominica
1170,Dominica
1171,Dominica
1172,Dominica
1173,Dominica
1174,Dominica
1175,Dominica
1176,Dominica
1177,Dominica
1178,Dominica
1179,Dominica
1180,Dominica
1181,Dominica
1182,Dominica
1183,Dominica
1184,Dominica
1185,Dominica
1186,Dominica
1187,Dominica
1188,Dominica
1189,Dominica
1190,Dominica
1191,Dominica
1192,Dominica
1193,Dominican Republic
1194,Dominican Republic
1195,Dominican Republic
1196,Dominican Republic
1197,Dominican Republic
1198,Dominican Republic
1199,Dominican Republic
1200,Dominican Republic
1201,Dominican Republic
1202,Dominican Republic
1203,Dominican Republic
1204,Dominican Republic
1205,Dominican Republic
1206,Dominican Republic
1207,Dominican Republic
1208,Dominican Republic
1209,Dominican Republic
1210,Dominican Republic
1211,Dominican Republic
1212,Dominican Republic
1213,Dominican Republic
1214,Dominican Republic
1215,Dominican Republic
1216,Dominican Republic
1217,Dominican Republic
1218,Dominican Republic
1219,Dominican Republic
1220,Dominican Republic
1221,Dominican Republic
1222,Dominican Republic
1223,Dominican Republic
1224,Dominican Republic
1225,Dominican Republic
1226,Dominican Republic
1227,Dominican Republic
1228,Dominican Republic
1229,Dominican Republic
1230,Dominican Republic
1231,Dominican Republic
1232,Dominican Republic
1233,Dominican Republic
1234,Dominican Republic
1235,Dominican Republic
1236,Dominican Republic
1237,Dominican Republic
1238,Dominican Republic
1239,Dominican Republic
1240,Dominican Republic
1241,Dominican Republic
1242,Dominican Republic
1243,Dominican Republic
1244,Dominican Republic
1245,Dominican Republic
1246,Dominican Republic
1247,Dominican Republic
1248,Dominican Republic
1249,Dominican Republic
1250,Dominican Republic
1251,Ecuador
1252,Ecuador
1253,Ecuador
1254,Ecuador
1255,Ecuador
1256,Ecuador
1257,Ecuador
1258,Ecuador
1259,Ecuador
1260,Ecuador
1261,Ecuador
1262,Ecuador
1263,Ecuador
1264,Ecuador
1265,Ecuador
1266,Ecuador
1267,Ecuador
1268,Ecuador
1269,Ecuador
1270,Ecuador
1271,Ecuador
1272,Ecuador
1273,Ecuador
1274,Ecuador
1275,Ecuador
1276,Ecuador
1277,Ecuador
1278,Ecuador
1279,Ecuador
1280,Ecuador
1281,Ecuador
1282,Ecuador
1283,Ecuador
1284,Ecuador
1285,Ecuador
1286,Ecuador
1287,Ecuador
1288,Ecuador
1289,Ecuador
1290,Ecuador
1291,Ecuador
1292,Ecuador
1293,Ecuador
1294,Ecuador
1295,Ecuador
1296,Ecuador
1297,Ecuador
1298,Ecuador
1299,Ecuador
1300,Ecuador
1301,Ecuador
1302,Ecuador
1303,Ecuador
1304,Ecuador
1305,Ecuador
1306,Ecuador
1307,Ecuador
1308,Ecuador
1309,El Salvador
1310,El Salvador
1311,El Salvador
1312,El Salvador
1313,El Salvador
1314,El Salvador
1315,El Salvador
1316,El Salvador
1317,El Salvador
1318,El Salvador
1319,El Salvador
1320,El Salvador
1321,El Salvador
1322,El Salvador
1323,El Salvador
1324,El Salvador
1325,El Salvador
1326,El Salvador
1327,El Salvador
1328,El Salvador
1329,El Salvador
1330,El Salvador
1331,El Salvador
1332,El Salvador
1333,El Salvador
1334,El Salvador
1335,El Salvador
1336,El Salvador
1337,El Salvador
1338,El Salvador
1339,El Salvador
1340,El Salvador
1341,El Salvador
1342,El Salvador
1343,El Salvador
1344,El Salvador
1345,El Salvador
1346,El Salvador
1347,El Salvador
1348,El Salvador
1349,El Salvador
1350,El Salvador
1351,El Salvador
1352,El Salvador
1353,El Salvador
1354,El Salvador
1355,El Salvador
1356,El Salvador
1357,El Salvador
1358,El Salvador
1359,El Salvador
1360,El Salvador
1361,El Salvador
1362,El Salvador
1363,El Salvador
1364,El Salvador
1365,El Salvador
1366,El Salvador
1367,Equatorial Guinea
1368,Equatorial Guinea
1369,Equatorial Guinea
1370,Equatorial Guinea
1371,Equatorial Guinea
1372,Equatorial Guinea
1373,Equatorial Guinea
1374,Equatorial Guinea
1375,Equatorial Guinea
1376,Equatorial Guinea
1377,Equatorial Guinea
1378,Equatorial Guinea
1379,Equatorial Guinea
1380,Equatorial Guinea
1381,Equatorial Guinea
1382,Equatorial Guinea
1383,Equatorial Guinea
1384,Equatorial Guinea
1385,Equatorial Guinea
1386,Equatorial Guinea
1387,Equatorial Guinea
1388,Equatorial Guinea
1389,Equatorial Guinea
1390,Equatorial Guinea
1391,Equatorial Guinea
1392,Equatorial Guinea
1393,Equatorial Guinea
1394,Equatorial Guinea
1395,Equatorial Guinea
1396,Equatorial Guinea
1397,Equatorial Guinea
1398,Equatorial Guinea
1399,Equatorial Guinea
1400,Equatorial Guinea
1401,Equatorial Guinea
1402,Equatorial Guinea
1403,Equatorial Guinea
1404,Equatorial Guinea
1405,Equatorial Guinea
1406,Equatorial Guinea
1407,Equatorial Guinea
1408,Equatorial Guinea
1409,Equatorial Guinea
1410,Equatorial Guinea
1411,Equatorial Guinea
1412,Equatorial Guinea
1413,Equatorial Guinea
1414,Equatorial Guinea
1415,Equatorial Guinea
1416,Equatorial Guinea
1417,Equatorial Guinea
1418,Equatorial Guinea
1419,Equatorial Guinea
1420,Equatorial Guinea
1421,Equatorial Guinea
1422,Equatorial Guinea
1423,Equatorial Guinea
1424,Equatorial Guinea
1425,Ethiopia
1426,Ethiopia
1427,Ethiopia
1428,Ethiopia
1429,Ethiopia
1430,Ethiopia
1431,Ethiopia
1432,Ethiopia
1433,Ethiopia
1434,Ethiopia
1435,Ethiopia
1436,Ethiopia
1437,Ethiopia
1438,Ethiopia
1439,Ethiopia
1440,Ethiopia
1441,Ethiopia
1442,Ethiopia
1443,Ethiopia
1444,Ethiopia
1445,Ethiopia
1446,Ethiopia
1447,Ethiopia
1448,Ethiopia
1449,Ethiopia
1450,Ethiopia
1451,Ethiopia PDR
1452,Ethiopia PDR
1453,Ethiopia PDR
1454,Ethiopia PDR
1455,Ethiopia PDR
1456,Ethiopia PDR
1457,Ethiopia PDR
1458,Ethiopia PDR
1459,Ethiopia PDR
1460,Ethiopia PDR
1461,Ethiopia PDR
1462,Ethiopia PDR
1463,Ethiopia PDR
1464,Ethiopia PDR
1465,Ethiopia PDR
1466,Ethiopia PDR
1467,Ethiopia PDR
1468,Ethiopia PDR
1469,Ethiopia PDR
1470,Ethiopia PDR
1471,Ethiopia PDR
1472,Ethiopia PDR
1473,Ethiopia PDR
1474,Ethiopia PDR
1475,Ethiopia PDR
1476,Ethiopia PDR
1477,Ethiopia PDR
1478,Ethiopia PDR
1479,Ethiopia PDR
1480,Ethiopia PDR
1481,Ethiopia PDR
1482,Ethiopia PDR
1483,Fiji
1484,Fiji
1485,Fiji
1486,Fiji
1487,Fiji
1488,Fiji
1489,Fiji
1490,Fiji
1491,Fiji
1492,Fiji
1493,Fiji
1494,Fiji
1495,Fiji
1496,Fiji
1497,Fiji
1498,Fiji
1499,Fiji
1500,Fiji
1501,Fiji
1502,Fiji
1503,Fiji
1504,Fiji
1505,Fiji
1506,Fiji
1507,Fiji
1508,Fiji
1509,Fiji
1510,Fiji
1511,Fiji
1512,Fiji
1513,Fiji
1514,Fiji
1515,Fiji
1516,Fiji
1517,Fiji
1518,Fiji
1519,Fiji
1520,Fiji
1521,Fiji
1522,Fiji
1523,Fiji
1524,Fiji
1525,Fiji
1526,Fiji
1527,Fiji
1528,Fiji
1529,Fiji
1530,Fiji
1531,Fiji
1532,Fiji
1533,Fiji
1534,Fiji
1535,Fiji
1536,Fiji
1537,Fiji
1538,Fiji
1539,Fiji
1540,French Polynesia
1541,French Polynesia
1542,French Polynesia
1543,French Polynesia
1544,French Polynesia
1545,French Polynesia
1546,French Polynesia
1547,French Polynesia
1548,French Polynesia
1549,French Polynesia
1550,French Polynesia
1551,French Polynesia
1552,French Polynesia
1553,French Polynesia
1554,French Polynesia
1555,French Polynesia
1556,French Polynesia
1557,French Polynesia
1558,French Polynesia
1559,French Polynesia
1560,French Polynesia
1561,French Polynesia
1562,French Polynesia
1563,French Polynesia
1564,French Polynesia
1565,French Polynesia
1566,French Polynesia
1567,French Polynesia
1568,French Polynesia
1569,French Polynesia
1570,French Polynesia
1571,French Polynesia
1572,French Polynesia
1573,French Polynesia
1574,French Polynesia
1575,French Polynesia
1576,French Polynesia
1577,French Polynesia
1578,French Polynesia
1579,French Polynesia
1580,French Polynesia
1581,French Polynesia
1582,French Polynesia
1583,French Polynesia
1584,French Polynesia
1585,French Polynesia
1586,French Polynesia
1587,French Polynesia
1588,French Polynesia
1589,French Polynesia
1590,French Polynesia
1591,French Polynesia
1592,French Polynesia
1593,French Polynesia
1594,French Polynesia
1595,French Polynesia
1596,French Polynesia
1597,French Polynesia
1598,Gabon
1599,Gabon
1600,Gabon
1601,Gabon
1602,Gabon
1603,Gabon
1604,Gabon
1605,Gabon
1606,Gabon
1607,Gabon
1608,Gabon
1609,Gabon
1610,Gabon
1611,Gabon
1612,Gabon
1613,Gabon
1614,Gabon
1615,Gabon
1616,Gabon
1617,Gabon
1618,Gabon
1619,Gabon
1620,Gabon
1621,Gabon
1622,Gabon
1623,Gabon
1624,Gabon
1625,Gabon
1626,Gabon
1627,Gabon
1628,Gabon
1629,Gabon
1630,Gabon
1631,Gabon
1632,Gabon
1633,Gabon
1634,Gabon
1635,Gabon
1636,Gabon
1637,Gabon
1638,Gabon
1639,Gabon
1640,Gabon
1641,Gabon
1642,Gabon
1643,Gabon
1644,Gabon
1645,Gabon
1646,Gabon
1647,Gabon
1648,Gabon
1649,Gabon
1650,Gabon
1651,Gabon
1652,Gabon
1653,Gabon
1654,Gabon
1655,Gabon
1656,Ghana
1657,Ghana
1658,Ghana
1659,Ghana
1660,Ghana
1661,Ghana
1662,Ghana
1663,Ghana
1664,Ghana
1665,Ghana
1666,Ghana
1667,Ghana
1668,Ghana
1669,Ghana
1670,Ghana
1671,Ghana
1672,Ghana
1673,Ghana
1674,Ghana
1675,Ghana
1676,Ghana
1677,Ghana
1678,Ghana
1679,Ghana
1680,Ghana
1681,Ghana
1682,Ghana
1683,Ghana
1684,Ghana
1685,Ghana
1686,Ghana
1687,Ghana
1688,Ghana
1689,Ghana
1690,Ghana
1691,Ghana
1692,Ghana
1693,Ghana
1694,Ghana
1695,Ghana
1696,Ghana
1697,Ghana
1698,Ghana
1699,Ghana
1700,Ghana
1701,Ghana
1702,Ghana
1703,Ghana
1704,Ghana
1705,Ghana
1706,Ghana
1707,Ghana
1708,Ghana
1709,Ghana
1710,Ghana
1711,Ghana
1712,Ghana
1713,Ghana
1714,Guadeloupe
1715,Guadeloupe
1716,Guadeloupe
1717,Guadeloupe
1718,Guadeloupe
1719,Guadeloupe
1720,Guadeloupe
1721,Guadeloupe
1722,Guadeloupe
1723,Guadeloupe
1724,Guadeloupe
1725,Guadeloupe
1726,Guadeloupe
1727,Guadeloupe
1728,Guadeloupe
1729,Guadeloupe
1730,Guadeloupe
1731,Guadeloupe
1732,Guadeloupe
1733,Guadeloupe
1734,Guadeloupe
1735,Guadeloupe
1736,Guadeloupe
1737,Guadeloupe
1738,Guadeloupe
1739,Guadeloupe
1740,Guadeloupe
1741,Guadeloupe
1742,Guadeloupe
1743,Guadeloupe
1744,Guadeloupe
1745,Guadeloupe
1746,Guadeloupe
1747,Guadeloupe
1748,Guadeloupe
1749,Guadeloupe
1750,Guadeloupe
1751,Guadeloupe
1752,Guadeloupe
1753,Guadeloupe
1754,Guadeloupe
1755,Guadeloupe
1756,Guadeloupe
1757,Guadeloupe
1758,Guadeloupe
1759,Guadeloupe
1760,Guatemala
1761,Guatemala
1762,Guatemala
1763,Guatemala
1764,Guatemala
1765,Guatemala
1766,Guatemala
1767,Guatemala
1768,Guatemala
1769,Guatemala
1770,Guatemala
1771,Guatemala
1772,Guatemala
1773,Guatemala
1774,Guatemala
1775,Guatemala
1776,Guatemala
1777,Guatemala
1778,Guatemala
1779,Guatemala
1780,Guatemala
1781,Guatemala
1782,Guatemala
1783,Guatemala
1784,Guatemala
1785,Guatemala
1786,Guatemala
1787,Guatemala
1788,Guatemala
1789,Guatemala
1790,Guatemala
1791,Guatemala
1792,Guatemala
1793,Guatemala
1794,Guatemala
1795,Guatemala
1796,Guatemala
1797,Guatemala
1798,Guatemala
1799,Guatemala
1800,Guatemala
1801,Guatemala
1802,Guatemala
1803,Guatemala
1804,Guatemala
1805,Guatemala
1806,Guatemala
1807,Guatemala
1808,Guatemala
1809,Guatemala
1810,Guatemala
1811,Guatemala
1812,Guatemala
1813,Guatemala
1814,Guatemala
1815,Guatemala
1816,Guatemala
1817,Guatemala
1818,Guinea
1819,Guinea
1820,Guinea
1821,Guinea
1822,Guinea
1823,Guinea
1824,Guinea
1825,Guinea
1826,Guinea
1827,Guinea
1828,Guinea
1829,Guinea
1830,Guinea
1831,Guinea
1832,Guinea
1833,Guinea
1834,Guinea
1835,Guinea
1836,Guinea
1837,Guinea
1838,Guinea
1839,Guinea
1840,Guinea
1841,Guinea
1842,Guinea
1843,Guinea
1844,Guinea
1845,Guinea
1846,Guinea
1847,Guinea
1848,Guinea
1849,Guinea
1850,Guinea
1851,Guinea
1852,Guinea
1853,Guinea
1854,Guinea
1855,Guinea
1856,Guinea
1857,Guinea
1858,Guinea
1859,Guinea
1860,Guinea
1861,Guinea
1862,Guinea
1863,Guinea
1864,Guinea
1865,Guinea
1866,Guinea
1867,Guinea
1868,Guinea
1869,Guinea
1870,Guinea
1871,Guinea
1872,Guinea
1873,Guinea
1874,Guinea
1875,Guinea
1876,Guyana
1877,Guyana
1878,Guyana
1879,Guyana
1880,Guyana
1881,Guyana
1882,Guyana
1883,Guyana
1884,Guyana
1885,Guyana
1886,Guyana
1887,Guyana
1888,Guyana
1889,Guyana
1890,Guyana
1891,Guyana
1892,Guyana
1893,Guyana
1894,Guyana
1895,Guyana
1896,Guyana
1897,Guyana
1898,Guyana
1899,Guyana
1900,Guyana
1901,Guyana
1902,Guyana
1903,Guyana
1904,Guyana
1905,Guyana
1906,Guyana
1907,Guyana
1908,Guyana
1909,Guyana
1910,Guyana
1911,Guyana
1912,Guyana
1913,Guyana
1914,Guyana
1915,Guyana
1916,Guyana
1917,Guyana
1918,Guyana
1919,Guyana
1920,Guyana
1921,Guyana
1922,Guyana
1923,Guyana
1924,Guyana
1925,Guyana
1926,Guyana
1927,Guyana
1928,Guyana
1929,Guyana
1930,Guyana
1931,Guyana
1932,Guyana
1933,Guyana
1934,Haiti
1935,Haiti
1936,Haiti
1937,Haiti
1938,Haiti
1939,Haiti
1940,Haiti
1941,Haiti
1942,Haiti
1943,Haiti
1944,Haiti
1945,Haiti
1946,Haiti
1947,Haiti
1948,Haiti
1949,Haiti
1950,Haiti
1951,Haiti
1952,Haiti
1953,Haiti
1954,Haiti
1955,Haiti
1956,Haiti
1957,Haiti
1958,Haiti
1959,Haiti
1960,Haiti
1961,Haiti
1962,Haiti
1963,Haiti
1964,Haiti
1965,Haiti
1966,Haiti
1967,Haiti
1968,Haiti
1969,Haiti
1970,Haiti
1971,Haiti
1972,Haiti
1973,Haiti
1974,Haiti
1975,Haiti
1976,Haiti
1977,Haiti
1978,Haiti
1979,Haiti
1980,Haiti
1981,Haiti
1982,Haiti
1983,Haiti
1984,Haiti
1985,Haiti
1986,Haiti
1987,Haiti
1988,Haiti
1989,Haiti
1990,Haiti
1991,Haiti
1992,Honduras
1993,Honduras
1994,Honduras
1995,Honduras
1996,Honduras
1997,Honduras
1998,Honduras
1999,Honduras
2000,Honduras
2001,Honduras
2002,Honduras
2003,Honduras
2004,Honduras
2005,Honduras
2006,Honduras
2007,Honduras
2008,Honduras
2009,Honduras
2010,Honduras
2011,Honduras
2012,Honduras
2013,Honduras
2014,Honduras
2015,Honduras
2016,Honduras
2017,Honduras
2018,Honduras
2019,Honduras
2020,Honduras
2021,Honduras
2022,Honduras
2023,Honduras
2024,Honduras
2025,Honduras
2026,Honduras
2027,Honduras
2028,Honduras
2029,Honduras
2030,Honduras
2031,Honduras
2032,Honduras
2033,Honduras
2034,Honduras
2035,Honduras
2036,Honduras
2037,Honduras
2038,Honduras
2039,Honduras
2040,Honduras
2041,Honduras
2042,Honduras
2043,Honduras
2044,Honduras
2045,Honduras
2046,Honduras
2047,Honduras
2048,Honduras
2049,Honduras
2050,India
2051,India
2052,India
2053,India
2054,India
2055,India
2056,India
2057,India
2058,India
2059,India
2060,India
2061,India
2062,India
2063,India
2064,India
2065,India
2066,India
2067,India
2068,India
2069,India
2070,India
2071,India
2072,India
2073,India
2074,India
2075,India
2076,India
2077,India
2078,India
2079,India
2080,India
2081,India
2082,India
2083,India
2084,India
2085,India
2086,India
2087,India
2088,India
2089,India
2090,India
2091,India
2092,India
2093,India
2094,India
2095,India
2096,India
2097,India
2098,India
2099,India
2100,India
2101,India
2102,India
2103,India
2104,India
2105,India
2106,India
2107,India
2108,Indonesia
2109,Indonesia
2110,Indonesia
2111,Indonesia
2112,Indonesia
2113,Indonesia
2114,Indonesia
2115,Indonesia
2116,Indonesia
2117,Indonesia
2118,Indonesia
2119,Indonesia
2120,Indonesia
2121,Indonesia
2122,Indonesia
2123,Indonesia
2124,Indonesia
2125,Indonesia
2126,Indonesia
2127,Indonesia
2128,Indonesia
2129,Indonesia
2130,Indonesia
2131,Indonesia
2132,Indonesia
2133,Indonesia
2134,Indonesia
2135,Indonesia
2136,Indonesia
2137,Indonesia
2138,Indonesia
2139,Indonesia
2140,Indonesia
2141,Indonesia
2142,Indonesia
2143,Indonesia
2144,Indonesia
2145,Indonesia
2146,Indonesia
2147,Indonesia
2148,Indonesia
2149,Indonesia
2150,Indonesia
2151,Indonesia
2152,Indonesia
2153,Indonesia
2154,Indonesia
2155,Indonesia
2156,Indonesia
2157,Indonesia
2158,Indonesia
2159,Indonesia
2160,Indonesia
2161,Indonesia
2162,Indonesia
2163,Indonesia
2164,Indonesia
2165,Indonesia
2166,Jamaica
2167,Jamaica
2168,Jamaica
2169,Jamaica
2170,Jamaica
2171,Jamaica
2172,Jamaica
2173,Jamaica
2174,Jamaica
2175,Jamaica
2176,Jamaica
2177,Jamaica
2178,Jamaica
2179,Jamaica
2180,Jamaica
2181,Jamaica
2182,Jamaica
2183,Jamaica
2184,Jamaica
2185,Jamaica
2186,Jamaica
2187,Jamaica
2188,Jamaica
2189,Jamaica
2190,Jamaica
2191,Jamaica
2192,Jamaica
2193,Jamaica
2194,Jamaica
2195,Jamaica
2196,Jamaica
2197,Jamaica
2198,Jamaica
2199,Jamaica
2200,Jamaica
2201,Jamaica
2202,Jamaica
2203,Jamaica
2204,Jamaica
2205,Jamaica
2206,Jamaica
2207,Jamaica
2208,Jamaica
2209,Jamaica
2210,Jamaica
2211,Jamaica
2212,Jamaica
2213,Jamaica
2214,Jamaica
2215,Jamaica
2216,Jamaica
2217,Jamaica
2218,Jamaica
2219,Jamaica
2220,Jamaica
2221,Jamaica
2222,Jamaica
2223,Jamaica
2224,Kenya
2225,Kenya
2226,Kenya
2227,Kenya
2228,Kenya
2229,Kenya
2230,Kenya
2231,Kenya
2232,Kenya
2233,Kenya
2234,Kenya
2235,Kenya
2236,Kenya
2237,Kenya
2238,Kenya
2239,Kenya
2240,Kenya
2241,Kenya
2242,Kenya
2243,Kenya
2244,Kenya
2245,Kenya
2246,Kenya
2247,Kenya
2248,Kenya
2249,Kenya
2250,Kenya
2251,Kenya
2252,Kenya
2253,Kenya
2254,Kenya
2255,Kenya
2256,Kenya
2257,Kenya
2258,Kenya
2259,Kenya
2260,Kenya
2261,Kenya
2262,Kenya
2263,Kenya
2264,Kenya
2265,Kenya
2266,Kenya
2267,Kenya
2268,Kenya
2269,Kenya
2270,Kenya
2271,Kenya
2272,Kenya
2273,Kenya
2274,Kenya
2275,Kenya
2276,Kenya
2277,Kenya
2278,Kenya
2279,Kenya
2280,Kenya
2281,Kenya
2282,Lao People's Democratic Republic
2283,Lao People's Democratic Republic
2284,Lao People's Democratic Republic
2285,Lao People's Democratic Republic
2286,Lao People's Democratic Republic
2287,Lao People's Democratic Republic
2288,Lao People's Democratic Republic
2289,Lao People's Democratic Republic
2290,Lao People's Democratic Republic
2291,Lao People's Democratic Republic
2292,Lao People's Democratic Republic
2293,Lao People's Democratic Republic
2294,Lao People's Democratic Republic
2295,Lao People's Democratic Republic
2296,Lao People's Democratic Republic
2297,Lao People's Democratic Republic
2298,Lao People's Democratic Republic
2299,Lao People's Democratic Republic
2300,Lao People's Democratic Republic
2301,Lao People's Democratic Republic
2302,Lao People's Democratic Republic
2303,Lao People's Democratic Republic
2304,Lao People's Democratic Republic
2305,Lao People's Democratic Republic
2306,Lao People's Democratic Republic
2307,Lao People's Democratic Republic
2308,Lao People's Democratic Republic
2309,Lao People's Democratic Republic
2310,Lao People's Democratic Republic
2311,Lao People's Democratic Republic
2312,Lao People's Democratic Republic
2313,Lao People's Democratic Republic
2314,Lao People's Democratic Republic
2315,Lao People's Democratic Republic
2316,Lao People's Democratic Republic
2317,Lao People's Democratic Republic
2318,Lao People's Democratic Republic
2319,Lao People's Democratic Republic
2320,Lao People's Democratic Republic
2321,Lao People's Democratic Republic
2322,Lao People's Democratic Republic
2323,Lao People's Democratic Republic
2324,Lao People's Democratic Republic
2325,Lao People's Democratic Republic
2326,Lao People's Democratic Republic
2327,Lao People's Democratic Republic
2328,Lao People's Democratic Republic
2329,Lao People's Democratic Republic
2330,Lao People's Democratic Republic
2331,Lao People's Democratic Republic
2332,Lao People's Democratic Republic
2333,Lao People's Democratic Republic
2334,Lao People's Democratic Republic
2335,Lao People's Democratic Republic
2336,Lao People's Democratic Republic
2337,Lao People's Democratic Republic
2338,Lao People's Democratic Republic
2339,Lao People's Democratic Republic
2340,Liberia
2341,Liberia
2342,Liberia
2343,Liberia
2344,Liberia
2345,Liberia
2346,Liberia
2347,Liberia
2348,Liberia
2349,Liberia
2350,Liberia
2351,Liberia
2352,Liberia
2353,Liberia
2354,Liberia
2355,Liberia
2356,Liberia
2357,Liberia
2358,Liberia
2359,Liberia
2360,Liberia
2361,Liberia
2362,Liberia
2363,Liberia
2364,Liberia
2365,Liberia
2366,Liberia
2367,Liberia
2368,Liberia
2369,Liberia
2370,Liberia
2371,Liberia
2372,Liberia
2373,Liberia
2374,Liberia
2375,Liberia
2376,Liberia
2377,Liberia
2378,Liberia
2379,Liberia
2380,Liberia
2381,Liberia
2382,Liberia
2383,Liberia
2384,Liberia
2385,Liberia
2386,Liberia
2387,Liberia
2388,Liberia
2389,Liberia
2390,Liberia
2391,Liberia
2392,Liberia
2393,Liberia
2394,Liberia
2395,Liberia
2396,Liberia
2397,Liberia
2398,Madagascar
2399,Madagascar
2400,Madagascar
2401,Madagascar
2402,Madagascar
2403,Madagascar
2404,Madagascar
2405,Madagascar
2406,Madagascar
2407,Madagascar
2408,Madagascar
2409,Madagascar
2410,Madagascar
2411,Madagascar
2412,Madagascar
2413,Madagascar
2414,Madagascar
2415,Madagascar
2416,Madagascar
2417,Madagascar
2418,Madagascar
2419,Madagascar
2420,Madagascar
2421,Madagascar
2422,Madagascar
2423,Madagascar
2424,Madagascar
2425,Madagascar
2426,Madagascar
2427,Madagascar
2428,Madagascar
2429,Madagascar
2430,Madagascar
2431,Madagascar
2432,Madagascar
2433,Madagascar
2434,Madagascar
2435,Madagascar
2436,Madagascar
2437,Madagascar
2438,Madagascar
2439,Madagascar
2440,Madagascar
2441,Madagascar
2442,Madagascar
2443,Madagascar
2444,Madagascar
2445,Madagascar
2446,Madagascar
2447,Madagascar
2448,Madagascar
2449,Madagascar
2450,Madagascar
2451,Madagascar
2452,Madagascar
2453,Madagascar
2454,Madagascar
2455,Madagascar
2456,Malawi
2457,Malawi
2458,Malawi
2459,Malawi
2460,Malawi
2461,Malawi
2462,Malawi
2463,Malawi
2464,Malawi
2465,Malawi
2466,Malawi
2467,Malawi
2468,Malawi
2469,Malawi
2470,Malawi
2471,Malawi
2472,Malawi
2473,Malawi
2474,Malawi
2475,Malawi
2476,Malawi
2477,Malawi
2478,Malawi
2479,Malawi
2480,Malawi
2481,Malawi
2482,Malawi
2483,Malawi
2484,Malawi
2485,Malawi
2486,Malawi
2487,Malawi
2488,Malawi
2489,Malawi
2490,Malawi
2491,Malawi
2492,Malawi
2493,Malawi
2494,Malawi
2495,Malawi
2496,Malawi
2497,Malawi
2498,Malawi
2499,Malawi
2500,Malawi
2501,Malawi
2502,Malawi
2503,Malawi
2504,Malawi
2505,Malawi
2506,Malawi
2507,Malawi
2508,Malawi
2509,Malawi
2510,Malawi
2511,Malawi
2512,Malawi
2513,Malawi
2514,Malaysia
2515,Malaysia
2516,Malaysia
2517,Malaysia
2518,Malaysia
2519,Malaysia
2520,Malaysia
2521,Malaysia
2522,Malaysia
2523,Malaysia
2524,Malaysia
2525,Malaysia
2526,Malaysia
2527,Malaysia
2528,Malaysia
2529,Malaysia
2530,Malaysia
2531,Malaysia
2532,Malaysia
2533,Malaysia
2534,Malaysia
2535,Malaysia
2536,Malaysia
2537,Malaysia
2538,Malaysia
2539,Malaysia
2540,Malaysia
2541,Malaysia
2542,Malaysia
2543,Malaysia
2544,Malaysia
2545,Malaysia
2546,Malaysia
2547,Malaysia
2548,Malaysia
2549,Malaysia
2550,Malaysia
2551,Malaysia
2552,Malaysia
2553,Malaysia
2554,Malaysia
2555,Malaysia
2556,Malaysia
2557,Malaysia
2558,Malaysia
2559,Malaysia
2560,Malaysia
2561,Malaysia
2562,Malaysia
2563,Malaysia
2564,Malaysia
2565,Malaysia
2566,Malaysia
2567,Malaysia
2568,Malaysia
2569,Malaysia
2570,Malaysia
2571,Malaysia
2572,Martinique
2573,Martinique
2574,Martinique
2575,Martinique
2576,Martinique
2577,Martinique
2578,Martinique
2579,Martinique
2580,Martinique
2581,Martinique
2582,Martinique
2583,Martinique
2584,Martinique
2585,Martinique
2586,Martinique
2587,Martinique
2588,Martinique
2589,Martinique
2590,Martinique
2591,Martinique
2592,Martinique
2593,Martinique
2594,Martinique
2595,Martinique
2596,Martinique
2597,Martinique
2598,Martinique
2599,Martinique
2600,Martinique
2601,Martinique
2602,Martinique
2603,Martinique
2604,Mauritius
2605,Mauritius
2606,Mauritius
2607,Mauritius
2608,Mauritius
2609,Mauritius
2636,Mexico
2637,Mexico
2638,Mexico
2639,Mexico
2640,Mexico
2641,Mexico
2642,Mexico
2643,Mexico
2644,Mexico
2645,Mexico
2646,Mexico
2647,Mexico
2648,Mexico
2649,Mexico
2650,Mexico
2651,Mexico
2652,Mexico
2653,Mexico
2654,Mexico
2655,Mexico
2656,Mexico
2657,Mexico
2658,Mexico
2659,Mexico
2660,Mexico
2661,Mexico
2662,Mexico
2663,Mexico
2664,Mexico
2665,Mexico
2666,Mexico
2667,Mexico
2668,Mexico
2669,Mexico
2670,Mexico
2671,Mexico
2672,Mexico
2673,Mexico
2674,Mexico
2675,Mexico
2676,Mexico
2677,Mexico
2678,Mexico
2679,Mexico
2680,Mexico
2681,Mexico
2682,Mexico
2683,Mexico
2684,Mexico
2685,Mexico
2686,Mexico
2687,Mexico
2688,Mexico
2689,Mexico
2690,Mexico
2691,Mexico
2692,Mexico
2693,Mexico
2694,Mozambique
2695,Mozambique
2696,Mozambique
2697,Mozambique
2698,Mozambique
2699,Mozambique
2700,Mozambique
2701,Mozambique
2702,Mozambique
2703,Mozambique
2704,Mozambique
2705,Mozambique
2706,Mozambique
2707,Mozambique
2708,Mozambique
2709,Mozambique
2710,Mozambique
2711,Mozambique
2712,Mozambique
2713,Mozambique
2714,Mozambique
2715,Mozambique
2716,Mozambique
2717,Mozambique
2718,Mozambique
2719,Mozambique
2720,Mozambique
2721,Mozambique
2722,Mozambique
2723,Mozambique
2724,Mozambique
2725,Mozambique
2726,Mozambique
2727,Mozambique
2728,Mozambique
2729,Mozambique
2730,Mozambique
2731,Mozambique
2732,Mozambique
2733,Mozambique
2734,Mozambique
2735,Mozambique
2736,Mozambique
2737,Mozambique
2738,Mozambique
2739,Mozambique
2740,Mozambique
2741,Mozambique
2742,Mozambique
2743,Mozambique
2744,Mozambique
2745,Mozambique
2746,Mozambique
2747,Mozambique
2748,Mozambique
2749,Mozambique
2750,Mozambique
2751,Mozambique
2752,Myanmar
2753,Myanmar
2754,Myanmar
2755,Myanmar
2756,Myanmar
2757,Myanmar
2758,Myanmar
2759,Myanmar
2760,Myanmar
2761,Myanmar
2762,Myanmar
2763,Myanmar
2764,Myanmar
2765,Myanmar
2766,Myanmar
2767,Myanmar
2768,Myanmar
2769,Myanmar
2770,Myanmar
2771,Myanmar
2772,Myanmar
2773,Myanmar
2774,Myanmar
2775,Myanmar
2776,Myanmar
2777,Myanmar
2778,Myanmar
2779,Myanmar
2780,Myanmar
2781,Myanmar
2782,Myanmar
2783,Myanmar
2784,Myanmar
2785,Myanmar
2786,Myanmar
2787,Myanmar
2788,Myanmar
2789,Myanmar
2790,Myanmar
2791,Myanmar
2792,Myanmar
2793,Myanmar
2794,Myanmar
2795,Myanmar
2796,Myanmar
2797,Myanmar
2798,Myanmar
2799,Myanmar
2800,Myanmar
2801,Myanmar
2802,Myanmar
2803,Myanmar
2804,Myanmar
2805,Myanmar
2806,Myanmar
2807,Myanmar
2808,Myanmar
2809,Myanmar
2844,Nepal
2845,Nepal
2846,Nepal
2847,Nepal
2848,Nepal
2849,Nepal
2850,Nepal
2851,Nepal
2852,Nepal
2853,Nepal
2854,Nepal
2855,Nepal
2856,Nepal
2857,Nepal
2858,Nepal
2859,Nepal
2860,Nepal
2861,Nepal
2862,Nepal
2863,Nepal
2864,Nepal
2865,Nepal
2866,Nepal
2867,Nepal
2868,New Caledonia
2869,New Caledonia
2870,New Caledonia
2871,New Caledonia
2872,New Caledonia
2873,New Caledonia
2874,New Caledonia
2875,New Caledonia
2876,New Caledonia
2877,New Caledonia
2878,New Caledonia
2879,New Caledonia
2880,New Caledonia
2881,New Caledonia
2882,New Caledonia
2883,New Caledonia
2884,New Caledonia
2885,New Caledonia
2886,New Caledonia
2887,New Caledonia
2888,New Caledonia
2889,New Caledonia
2890,New Caledonia
2891,New Caledonia
2892,New Caledonia
2893,New Caledonia
2894,New Caledonia
2895,New Caledonia
2896,New Caledonia
2897,New Caledonia
2898,New Caledonia
2899,New Caledonia
2900,New Caledonia
2901,New Caledonia
2902,New Caledonia
2903,New Caledonia
2904,New Caledonia
2905,New Caledonia
2906,New Caledonia
2907,New Caledonia
2908,New Caledonia
2909,New Caledonia
2910,New Caledonia
2911,New Caledonia
2912,New Caledonia
2913,New Caledonia
2914,New Caledonia
2915,New Caledonia
2916,New Caledonia
2917,New Caledonia
2918,New Caledonia
2919,New Caledonia
2920,New Caledonia
2921,New Caledonia
2922,New Caledonia
2923,New Caledonia
2924,New Caledonia
2925,New Caledonia
2926,Nicaragua
2927,Nicaragua
2928,Nicaragua
2929,Nicaragua
2930,Nicaragua
2931,Nicaragua
2932,Nicaragua
2933,Nicaragua
2934,Nicaragua
2935,Nicaragua
2936,Nicaragua
2937,Nicaragua
2938,Nicaragua
2939,Nicaragua
2940,Nicaragua
2941,Nicaragua
2942,Nicaragua
2943,Nicaragua
2944,Nicaragua
2945,Nicaragua
2946,Nicaragua
2947,Nicaragua
2948,Nicaragua
2949,Nicaragua
2950,Nicaragua
2951,Nicaragua
2952,Nicaragua
2953,Nicaragua
2954,Nicaragua
2955,Nicaragua
2956,Nicaragua
2957,Nicaragua
2958,Nicaragua
2959,Nicaragua
2960,Nicaragua
2961,Nicaragua
2962,Nicaragua
2963,Nicaragua
2964,Nicaragua
2965,Nicaragua
2966,Nicaragua
2967,Nicaragua
2968,Nicaragua
2969,Nicaragua
2970,Nicaragua
2971,Nicaragua
2972,Nicaragua
2973,Nicaragua
2974,Nicaragua
2975,Nicaragua
2976,Nicaragua
2977,Nicaragua
2978,Nicaragua
2979,Nicaragua
2980,Nicaragua
2981,Nicaragua
2982,Nicaragua
2983,Nicaragua
2984,Nigeria
2985,Nigeria
2986,Nigeria
2987,Nigeria
2988,Nigeria
2989,Nigeria
2990,Nigeria
2991,Nigeria
2992,Nigeria
2993,Nigeria
2994,Nigeria
2995,Nigeria
2996,Nigeria
2997,Nigeria
2998,Nigeria
2999,Nigeria
3000,Nigeria
3001,Nigeria
3002,Nigeria
3003,Nigeria
3004,Nigeria
3005,Nigeria
3006,Nigeria
3007,Nigeria
3008,Nigeria
3009,Nigeria
3010,Nigeria
3011,Nigeria
3012,Nigeria
3013,Nigeria
3014,Nigeria
3015,Nigeria
3016,Nigeria
3017,Nigeria
3018,Nigeria
3019,Nigeria
3020,Nigeria
3021,Nigeria
3022,Nigeria
3023,Nigeria
3024,Nigeria
3025,Nigeria
3026,Nigeria
3027,Nigeria
3028,Nigeria
3029,Nigeria
3030,Nigeria
3031,Nigeria
3032,Nigeria
3033,Nigeria
3034,Nigeria
3035,Nigeria
3036,Nigeria
3037,Nigeria
3038,Nigeria
3039,Nigeria
3040,Nigeria
3041,Nigeria
3042,Panama
3043,Panama
3044,Panama
3045,Panama
3046,Panama
3047,Panama
3048,Panama
3049,Panama
3050,Panama
3051,Panama
3052,Panama
3053,Panama
3054,Panama
3055,Panama
3056,Panama
3057,Panama
3058,Panama
3059,Panama
3060,Panama
3061,Panama
3062,Panama
3063,Panama
3064,Panama
3065,Panama
3066,Panama
3067,Panama
3068,Panama
3069,Panama
3070,Panama
3071,Panama
3072,Panama
3073,Panama
3074,Panama
3075,Panama
3076,Panama
3077,Panama
3078,Panama
3079,Panama
3080,Panama
3081,Panama
3082,Panama
3083,Panama
3084,Panama
3085,Panama
3086,Panama
3087,Panama
3088,Panama
3089,Panama
3090,Panama
3091,Panama
3092,Panama
3093,Panama
3094,Panama
3095,Panama
3096,Panama
3097,Panama
3098,Panama
3099,Panama
3100,Papua New Guinea
3101,Papua New Guinea
3102,Papua New Guinea
3103,Papua New Guinea
3104,Papua New Guinea
3105,Papua New Guinea
3106,Papua New Guinea
3107,Papua New Guinea
3108,Papua New Guinea
3109,Papua New Guinea
3110,Papua New Guinea
3111,Papua New Guinea
3112,Papua New Guinea
3113,Papua New Guinea
3114,Papua New Guinea
3115,Papua New Guinea
3116,Papua New Guinea
3117,Papua New Guinea
3118,Papua New Guinea
3119,Papua New Guinea
3120,Papua New Guinea
3121,Papua New Guinea
3122,Papua New Guinea
3123,Papua New Guinea
3124,Papua New Guinea
3125,Papua New Guinea
3126,Papua New Guinea
3127,Papua New Guinea
3128,Papua New Guinea
3129,Papua New Guinea
3130,Papua New Guinea
3131,Papua New Guinea
3132,Papua New Guinea
3133,Papua New Guinea
3134,Papua New Guinea
3135,Papua New Guinea
3136,Papua New Guinea
3137,Papua New Guinea
3138,Papua New Guinea
3139,Papua New Guinea
3140,Papua New Guinea
3141,Papua New Guinea
3142,Papua New Guinea
3143,Papua New Guinea
3144,Papua New Guinea
3145,Papua New Guinea
3146,Papua New Guinea
3147,Papua New Guinea
3148,Papua New Guinea
3149,Papua New Guinea
3150,Papua New Guinea
3151,Papua New Guinea
3152,Papua New Guinea
3153,Papua New Guinea
3154,Papua New Guinea
3155,Papua New Guinea
3156,Papua New Guinea
3157,Papua New Guinea
3158,Paraguay
3159,Paraguay
3160,Paraguay
3161,Paraguay
3162,Paraguay
3163,Paraguay
3164,Paraguay
3165,Paraguay
3166,Paraguay
3167,Paraguay
3168,Paraguay
3169,Paraguay
3170,Paraguay
3171,Paraguay
3172,Paraguay
3173,Paraguay
3174,Paraguay
3175,Paraguay
3176,Paraguay
3177,Paraguay
3178,Paraguay
3179,Paraguay
3180,Paraguay
3181,Paraguay
3182,Paraguay
3183,Paraguay
3184,Paraguay
3185,Paraguay
3186,Paraguay
3187,Paraguay
3188,Paraguay
3189,Paraguay
3190,Paraguay
3191,Paraguay
3192,Paraguay
3193,Paraguay
3194,Paraguay
3195,Paraguay
3196,Paraguay
3197,Paraguay
3198,Paraguay
3199,Paraguay
3200,Paraguay
3201,Paraguay
3202,Paraguay
3203,Paraguay
3204,Paraguay
3205,Paraguay
3206,Paraguay
3207,Paraguay
3208,Paraguay
3209,Paraguay
3210,Paraguay
3211,Paraguay
3212,Paraguay
3213,Paraguay
3214,Paraguay
3215,Paraguay
3216,Peru
3217,Peru
3218,Peru
3219,Peru
3220,Peru
3221,Peru
3222,Peru
3223,Peru
3224,Peru
3225,Peru
3226,Peru
3227,Peru
3228,Peru
3229,Peru
3230,Peru
3231,Peru
3232,Peru
3233,Peru
3234,Peru
3235,Peru
3236,Peru
3237,Peru
3238,Peru
3239,Peru
3240,Peru
3241,Peru
3242,Peru
3243,Peru
3244,Peru
3245,Peru
3246,Peru
3247,Peru
3248,Peru
3249,Peru
3250,Peru
3251,Peru
3252,Peru
3253,Peru
3254,Peru
3255,Peru
3256,Peru
3257,Peru
3258,Peru
3259,Peru
3260,Peru
3261,Peru
3262,Peru
3263,Peru
3264,Peru
3265,Peru
3266,Peru
3267,Peru
3268,Peru
3269,Peru
3270,Peru
3271,Peru
3272,Peru
3273,Peru
3274,Philippines
3275,Philippines
3276,Philippines
3277,Philippines
3278,Philippines
3279,Philippines
3280,Philippines
3281,Philippines
3282,Philippines
3283,Philippines
3284,Philippines
3285,Philippines
3286,Philippines
3287,Philippines
3288,Philippines
3289,Philippines
3290,Philippines
3291,Philippines
3292,Philippines
3293,Philippines
3294,Philippines
3295,Philippines
3296,Philippines
3297,Philippines
3298,Philippines
3299,Philippines
3300,Philippines
3301,Philippines
3302,Philippines
3303,Philippines
3304,Philippines
3305,Philippines
3306,Philippines
3307,Philippines
3308,Philippines
3309,Philippines
3310,Philippines
3311,Philippines
3312,Philippines
3313,Philippines
3314,Philippines
3315,Philippines
3316,Philippines
3317,Philippines
3318,Philippines
3319,Philippines
3320,Philippines
3321,Philippines
3322,Philippines
3323,Philippines
3324,Philippines
3325,Philippines
3326,Philippines
3327,Philippines
3328,Philippines
3329,Philippines
3330,Philippines
3331,Philippines
3332,Puerto Rico
3333,Puerto Rico
3334,Puerto Rico
3335,Puerto Rico
3336,Puerto Rico
3337,Puerto Rico
3338,Puerto Rico
3339,Puerto Rico
3340,Puerto Rico
3341,Puerto Rico
3342,Puerto Rico
3343,Puerto Rico
3344,Puerto Rico
3345,Puerto Rico
3346,Puerto Rico
3347,Puerto Rico
3348,Puerto Rico
3349,Puerto Rico
3350,Puerto Rico
3351,Puerto Rico
3352,Puerto Rico
3353,Puerto Rico
3354,Puerto Rico
3355,Puerto Rico
3356,Puerto Rico
3357,Puerto Rico
3358,Puerto Rico
3359,Puerto Rico
3360,Puerto Rico
3361,Puerto Rico
3362,Puerto Rico
3363,Puerto Rico
3364,Puerto Rico
3365,Puerto Rico
3366,Puerto Rico
3367,Puerto Rico
3368,Puerto Rico
3369,Puerto Rico
3370,Puerto Rico
3371,Puerto Rico
3372,Puerto Rico
3373,Puerto Rico
3374,Puerto Rico
3375,Puerto Rico
3376,Puerto Rico
3377,Puerto Rico
3378,Puerto Rico
3379,Puerto Rico
3380,Puerto Rico
3381,Puerto Rico
3382,Puerto Rico
3383,Puerto Rico
3384,Puerto Rico
3385,Puerto Rico
3386,Puerto Rico
3387,Puerto Rico
3388,Puerto Rico
3389,Puerto Rico
3390,Rwanda
3391,Rwanda
3392,Rwanda
3393,Rwanda
3394,Rwanda
3395,Rwanda
3396,Rwanda
3397,Rwanda
3398,Rwanda
3399,Rwanda
3400,Rwanda
3401,Rwanda
3402,Rwanda
3403,Rwanda
3404,Rwanda
3405,Rwanda
3406,Rwanda
3407,Rwanda
3408,Rwanda
3409,Rwanda
3410,Rwanda
3411,Rwanda
3412,Rwanda
3413,Rwanda
3414,Rwanda
3415,Rwanda
3416,Rwanda
3417,Rwanda
3418,Rwanda
3419,Rwanda
3420,Rwanda
3421,Rwanda
3422,Rwanda
3423,Rwanda
3424,Rwanda
3425,Rwanda
3426,Rwanda
3427,Rwanda
3428,Rwanda
3429,Rwanda
3430,Rwanda
3431,Rwanda
3432,Rwanda
3433,Rwanda
3434,Rwanda
3435,Rwanda
3436,Rwanda
3437,Rwanda
3438,Rwanda
3439,Rwanda
3440,Rwanda
3441,Rwanda
3442,Rwanda
3443,Rwanda
3444,Rwanda
3445,Rwanda
3446,Rwanda
3447,Rwanda
3448,Saint Lucia
3449,Saint Lucia
3450,Saint Lucia
3451,Saint Lucia
3452,Saint Lucia
3453,Saint Lucia
3454,Saint Lucia
3455,Saint Lucia
3456,Saint Lucia
3457,Saint Lucia
3458,Saint Lucia
3459,Saint Lucia
3460,Saint Lucia
3461,Saint Lucia
3462,Saint Lucia
3463,Saint Lucia
3464,Saint Lucia
3465,Saint Lucia
3466,Saint Lucia
3467,Saint Lucia
3468,Saint Lucia
3469,Saint Lucia
3470,Saint Lucia
3471,Saint Lucia
3472,Saint Lucia
3473,Saint Lucia
3474,Saint Lucia
3475,Saint Lucia
3476,Saint Lucia
3506,Saint Vincent and the Grenadines
3507,Saint Vincent and the Grenadines
3508,Saint Vincent and the Grenadines
3509,Saint Vincent and the Grenadines
3510,Saint Vincent and the Grenadines
3511,Saint Vincent and the Grenadines
3512,Saint Vincent and the Grenadines
3513,Saint Vincent and the Grenadines
3514,Saint Vincent and the Grenadines
3515,Saint Vincent and the Grenadines
3516,Saint Vincent and the Grenadines
3517,Saint Vincent and the Grenadines
3518,Saint Vincent and the Grenadines
3519,Saint Vincent and the Grenadines
3520,Saint Vincent and the Grenadines
3521,Saint Vincent and the Grenadines
3522,Saint Vincent and the Grenadines
3523,Saint Vincent and the Grenadines
3524,Saint Vincent and the Grenadines
3525,Saint Vincent and the Grenadines
3526,Saint Vincent and the Grenadines
3527,Saint Vincent and the Grenadines
3528,Saint Vincent and the Grenadines
3529,Saint Vincent and the Grenadines
3530,Saint Vincent and the Grenadines
3531,Saint Vincent and the Grenadines
3532,Saint Vincent and the Grenadines
3533,Saint Vincent and the Grenadines
3534,Saint Vincent and the Grenadines
3535,Saint Vincent and the Grenadines
3536,Saint Vincent and the Grenadines
3537,Saint Vincent and the Grenadines
3538,Saint Vincent and the Grenadines
3539,Saint Vincent and the Grenadines
3540,Saint Vincent and the Grenadines
3541,Saint Vincent and the Grenadines
3542,Saint Vincent and the Grenadines
3543,Saint Vincent and the Grenadines
3544,Saint Vincent and the Grenadines
3545,Saint Vincent and the Grenadines
3546,Saint Vincent and the Grenadines
3547,Saint Vincent and the Grenadines
3548,Saint Vincent and the Grenadines
3549,Saint Vincent and the Grenadines
3550,Saint Vincent and the Grenadines
3551,Saint Vincent and the Grenadines
3552,Saint Vincent and the Grenadines
3553,Saint Vincent and the Grenadines
3554,Saint Vincent and the Grenadines
3555,Saint Vincent and the Grenadines
3556,Saint Vincent and the Grenadines
3557,Saint Vincent and the Grenadines
3558,Saint Vincent and the Grenadines
3559,Saint Vincent and the Grenadines
3560,Saint Vincent and the Grenadines
3561,Saint Vincent and the Grenadines
3562,Saint Vincent and the Grenadines
3563,Saint Vincent and the Grenadines
3564,Samoa
3565,Samoa
3566,Samoa
3567,Samoa
3568,Samoa
3569,Samoa
3570,Samoa
3571,Samoa
3572,Samoa
3573,Samoa
3574,Samoa
3575,Samoa
3576,Samoa
3577,Samoa
3578,Samoa
3579,Samoa
3580,Samoa
3581,Samoa
3582,Samoa
3583,Samoa
3584,Samoa
3585,Samoa
3586,Samoa
3587,Samoa
3588,Samoa
3589,Samoa
3590,Samoa
3591,Samoa
3592,Samoa
3593,Samoa
3594,Samoa
3595,Samoa
3596,Samoa
3597,Samoa
3598,Samoa
3599,Samoa
3600,Samoa
3601,Samoa
3602,Samoa
3603,Samoa
3604,Samoa
3605,Samoa
3606,Samoa
3607,Samoa
3608,Samoa
3609,Samoa
3610,Samoa
3611,Samoa
3612,Samoa
3613,Samoa
3614,Samoa
3615,Samoa
3616,Samoa
3617,Samoa
3618,Samoa
3619,Samoa
3620,Samoa
3621,Samoa
3622,Sao Tome and Principe
3623,Sao Tome and Principe
3624,Sao Tome and Principe
3625,Sao Tome and Principe
3626,Sao Tome and Principe
3627,Sao Tome and Principe
3628,Sao Tome and Principe
3629,Sao Tome and Principe
3630,Sao Tome and Principe
3631,Sao Tome and Principe
3632,Sao Tome and Principe
3633,Sao Tome and Principe
3634,Sao Tome and Principe
3635,Sao Tome and Principe
3636,Sao Tome and Principe
3637,Sao Tome and Principe
3638,Sao Tome and Principe
3639,Sao Tome and Principe
3640,Sao Tome and Principe
3641,Sao Tome and Principe
3642,Sao Tome and Principe
3643,Sao Tome and Principe
3644,Sao Tome and Principe
3645,Sao Tome and Principe
3646,Sao Tome and Principe
3647,Sao Tome and Principe
3648,Sao Tome and Principe
3649,Sao Tome and Principe
3650,Sao Tome and Principe
3651,Sao Tome and Principe
3652,Sao Tome and Principe
3653,Sao Tome and Principe
3654,Sao Tome and Principe
3655,Sao Tome and Principe
3656,Sao Tome and Principe
3657,Sao Tome and Principe
3658,Sao Tome and Principe
3659,Sao Tome and Principe
3660,Sao Tome and Principe
3661,Sao Tome and Principe
3662,Sao Tome and Principe
3663,Sao Tome and Principe
3664,Sao Tome and Principe
3665,Sao Tome and Principe
3666,Sao Tome and Principe
3667,Sao Tome and Principe
3668,Sao Tome and Principe
3669,Sao Tome and Principe
3670,Sao Tome and Principe
3671,Sao Tome and Principe
3672,Sao Tome and Principe
3673,Sao Tome and Principe
3674,Sao Tome and Principe
3675,Sao Tome and Principe
3676,Sao Tome and Principe
3677,Sao Tome and Principe
3678,Sao Tome and Principe
3679,Sao Tome and Principe
3680,Saudi Arabia
3681,Saudi Arabia
3682,Saudi Arabia
3683,Saudi Arabia
3684,Saudi Arabia
3685,Saudi Arabia
3686,Saudi Arabia
3687,Saudi Arabia
3688,Saudi Arabia
3689,Saudi Arabia
3690,Saudi Arabia
3691,Saudi Arabia
3692,Saudi Arabia
3693,Saudi Arabia
3694,Saudi Arabia
3695,Saudi Arabia
3696,Saudi Arabia
3697,Saudi Arabia
3698,Saudi Arabia
3699,Saudi Arabia
3700,Saudi Arabia
3701,Saudi Arabia
3702,Saudi Arabia
3703,Saudi Arabia
3704,Saudi Arabia
3705,Saudi Arabia
3706,Saudi Arabia
3707,Saudi Arabia
3708,Saudi Arabia
3709,Saudi Arabia
3710,Saudi Arabia
3711,Saudi Arabia
3712,Saudi Arabia
3713,Saudi Arabia
3714,Saudi Arabia
3715,Saudi Arabia
3716,Saudi Arabia
3717,Saudi Arabia
3718,Saudi Arabia
3719,Saudi Arabia
3720,Saudi Arabia
3721,Saudi Arabia
3722,Saudi Arabia
3723,Saudi Arabia
3724,Saudi Arabia
3725,Saudi Arabia
3726,Saudi Arabia
3727,Saudi Arabia
3728,Saudi Arabia
3729,Saudi Arabia
3730,Saudi Arabia
3731,Saudi Arabia
3732,Saudi Arabia
3733,Saudi Arabia
3734,Sierra Leone
3735,Sierra Leone
3736,Sierra Leone
3737,Sierra Leone
3738,Sierra Leone
3739,Sierra Leone
3740,Sierra Leone
3741,Sierra Leone
3742,Sierra Leone
3743,Sierra Leone
3744,Sierra Leone
3745,Sierra Leone
3746,Sierra Leone
3747,Sierra Leone
3748,Sierra Leone
3749,Sierra Leone
3750,Sierra Leone
3751,Sierra Leone
3752,Sierra Leone
3753,Sierra Leone
3754,Sierra Leone
3755,Sierra Leone
3756,Sierra Leone
3757,Sierra Leone
3758,Sierra Leone
3759,Sierra Leone
3760,Sierra Leone
3761,Sierra Leone
3762,Sierra Leone
3763,Sierra Leone
3764,Sierra Leone
3765,Sierra Leone
3766,Sierra Leone
3767,Sierra Leone
3768,Sierra Leone
3769,Sierra Leone
3770,Sierra Leone
3771,Sierra Leone
3772,Sierra Leone
3773,Sierra Leone
3774,Sierra Leone
3775,Sierra Leone
3776,Sierra Leone
3777,Sierra Leone
3778,Sierra Leone
3779,Sierra Leone
3780,Sierra Leone
3781,Sierra Leone
3782,Sierra Leone
3783,Sierra Leone
3784,Sierra Leone
3785,Sierra Leone
3786,Sierra Leone
3787,Sierra Leone
3788,Sierra Leone
3789,Sierra Leone
3790,Sierra Leone
3791,Sierra Leone
3792,Spain
3793,Spain
3794,Spain
3795,Spain
3796,Spain
3797,Spain
3798,Spain
3799,Spain
3800,Spain
3801,Spain
3802,Spain
3803,Spain
3804,Spain
3805,Spain
3806,Spain
3807,Spain
3808,Spain
3809,Spain
3810,Spain
3811,Spain
3812,Spain
3813,Spain
3814,Spain
3815,Spain
3816,Spain
3817,Spain
3818,Spain
3819,Spain
3844,Sri Lanka
3845,Sri Lanka
3846,Sri Lanka
3847,Sri Lanka
3848,Sri Lanka
3849,Sri Lanka
3850,Sri Lanka
3851,Sri Lanka
3852,Sri Lanka
3853,Sri Lanka
3854,Sri Lanka
3855,Sri Lanka
3856,Sri Lanka
3857,Sri Lanka
3858,Sri Lanka
3859,Sri Lanka
3860,Sri Lanka
3861,Sri Lanka
3862,Sri Lanka
3863,Sri Lanka
3864,Sri Lanka
3865,Sri Lanka
3866,Sri Lanka
3867,Sri Lanka
3868,Sri Lanka
3869,Sri Lanka
3870,Sri Lanka
3871,Sri Lanka
3872,Sri Lanka
3873,Sri Lanka
3874,Sri Lanka
3875,Sri Lanka
3876,Sri Lanka
3877,Sri Lanka
3878,Sri Lanka
3879,Sri Lanka
3880,Sri Lanka
3881,Sri Lanka
3882,Sri Lanka
3883,Sri Lanka
3884,Sri Lanka
3885,Sri Lanka
3886,Sri Lanka
3887,Sri Lanka
3888,Sri Lanka
3889,Sri Lanka
3890,Sri Lanka
3891,Sri Lanka
3892,Sri Lanka
3893,Sri Lanka
3894,Sri Lanka
3895,Sri Lanka
3896,Sri Lanka
3897,Sri Lanka
3898,Sri Lanka
3899,Sri Lanka
3900,Sri Lanka
3901,Sri Lanka
3902,Suriname
3903,Suriname
3904,Suriname
3905,Suriname
3906,Suriname
3907,Suriname
3908,Suriname
3909,Suriname
3910,Suriname
3911,Suriname
3912,Suriname
3913,Suriname
3914,Suriname
3915,Suriname
3916,Suriname
3917,Suriname
3918,Suriname
3919,Suriname
3920,Suriname
3921,Suriname
3922,Suriname
3923,Suriname
3924,Suriname
3925,Suriname
3926,Suriname
3927,Suriname
3928,Suriname
3929,Suriname
3930,Suriname
3931,Suriname
3932,Suriname
3933,Suriname
3934,Suriname
3935,Suriname
3936,Suriname
3937,Suriname
3938,Suriname
3939,Suriname
3940,Suriname
3941,Suriname
3942,Suriname
3943,Suriname
3944,Suriname
3945,Suriname
3946,Suriname
3947,Suriname
3948,Suriname
3949,Suriname
3950,Suriname
3951,Suriname
3952,Suriname
3953,Suriname
3954,Suriname
3955,Suriname
3956,Suriname
3957,Suriname
3958,Suriname
3959,Suriname
3960,Thailand
3961,Thailand
3962,Thailand
3963,Thailand
3964,Thailand
3965,Thailand
3966,Thailand
3967,Thailand
3968,Thailand
3969,Thailand
3970,Thailand
3971,Thailand
3972,Thailand
3973,Thailand
3974,Thailand
3975,Thailand
3976,Thailand
3977,Thailand
3978,Thailand
3979,Thailand
3980,Thailand
3981,Thailand
3982,Thailand
3983,Thailand
3984,Thailand
3985,Thailand
3986,Thailand
3987,Thailand
3988,Thailand
3989,Thailand
3990,Thailand
3991,Thailand
3992,Thailand
3993,Thailand
3994,Thailand
3995,Thailand
3996,Thailand
3997,Thailand
3998,Thailand
3999,Thailand
4000,Thailand
4001,Thailand
4002,Thailand
4003,Thailand
4004,Thailand
4005,Thailand
4006,Thailand
4007,Thailand
4008,Thailand
4009,Thailand
4010,Thailand
4011,Thailand
4012,Thailand
4013,Thailand
4014,Thailand
4015,Thailand
4016,Thailand
4017,Thailand
4018,Timor-Leste
4019,Timor-Leste
4020,Timor-Leste
4021,Timor-Leste
4022,Timor-Leste
4023,Timor-Leste
4024,Timor-Leste
4025,Timor-Leste
4026,Timor-Leste
4027,Timor-Leste
4028,Timor-Leste
4029,Timor-Leste
4030,Timor-Leste
4031,Timor-Leste
4032,Timor-Leste
4033,Timor-Leste
4034,Timor-Leste
4035,Timor-Leste
4036,Timor-Leste
4037,Timor-Leste
4038,Timor-Leste
4039,Timor-Leste
4040,Timor-Leste
4041,Timor-Leste
4042,Timor-Leste
4043,Timor-Leste
4044,Timor-Leste
4045,Timor-Leste
4046,Timor-Leste
4047,Timor-Leste
4048,Timor-Leste
4049,Timor-Leste
4050,Timor-Leste
4051,Timor-Leste
4052,Timor-Leste
4053,Timor-Leste
4054,Timor-Leste
4055,Timor-Leste
4056,Timor-Leste
4057,Timor-Leste
4058,Timor-Leste
4059,Timor-Leste
4060,Timor-Leste
4061,Timor-Leste
4062,Timor-Leste
4063,Timor-Leste
4064,Timor-Leste
4065,Timor-Leste
4066,Timor-Leste
4067,Timor-Leste
4068,Timor-Leste
4069,Timor-Leste
4070,Timor-Leste
4071,Timor-Leste
4072,Timor-Leste
4073,Timor-Leste
4074,Timor-Leste
4075,Timor-Leste
4076,Togo
4077,Togo
4078,Togo
4079,Togo
4080,Togo
4081,Togo
4082,Togo
4083,Togo
4084,Togo
4085,Togo
4086,Togo
4087,Togo
4088,Togo
4089,Togo
4090,Togo
4091,Togo
4092,Togo
4093,Togo
4094,Togo
4095,Togo
4096,Togo
4097,Togo
4098,Togo
4099,Togo
4100,Togo
4101,Togo
4102,Togo
4103,Togo
4104,Togo
4105,Togo
4106,Togo
4107,Togo
4108,Togo
4109,Togo
4110,Togo
4111,Togo
4112,Togo
4113,Togo
4114,Togo
4115,Togo
4116,Togo
4117,Togo
4118,Togo
4119,Togo
4120,Togo
4121,Togo
4122,Togo
4123,Togo
4124,Togo
4125,Togo
4126,Togo
4127,Togo
4128,Togo
4129,Togo
4130,Togo
4131,Togo
4132,Togo
4133,Togo
4134,Tonga
4135,Tonga
4136,Tonga
4137,Tonga
4138,Tonga
4139,Tonga
4140,Tonga
4141,Tonga
4142,Tonga
4143,Tonga
4144,Tonga
4145,Tonga
4146,Tonga
4147,Tonga
4148,Tonga
4149,Tonga
4150,Tonga
4151,Tonga
4152,Tonga
4153,Tonga
4154,Tonga
4155,Tonga
4156,Tonga
4157,Tonga
4158,Tonga
4159,Tonga
4160,Tonga
4161,Tonga
4162,Tonga
4163,Tonga
4164,Tonga
4165,Tonga
4166,Tonga
4167,Tonga
4168,Tonga
4169,Tonga
4170,Trinidad and Tobago
4171,Trinidad and Tobago
4172,Trinidad and Tobago
4173,Trinidad and Tobago
4174,Trinidad and Tobago
4175,Trinidad and Tobago
4176,Trinidad and Tobago
4177,Trinidad and Tobago
4178,Trinidad and Tobago
4179,Trinidad and Tobago
4180,Trinidad and Tobago
4181,Trinidad and Tobago
4182,Trinidad and Tobago
4183,Trinidad and Tobago
4184,Trinidad and Tobago
4185,Trinidad and Tobago
4186,Trinidad and Tobago
4187,Trinidad and Tobago
4188,Trinidad and Tobago
4189,Trinidad and Tobago
4190,Trinidad and Tobago
4191,Trinidad and Tobago
4192,Trinidad and Tobago
4193,Trinidad and Tobago
4194,Trinidad and Tobago
4195,Trinidad and Tobago
4196,Trinidad and Tobago
4197,Trinidad and Tobago
4198,Trinidad and Tobago
4199,Trinidad and Tobago
4200,Trinidad and Tobago
4201,Trinidad and Tobago
4202,Trinidad and Tobago
4203,Trinidad and Tobago
4204,Trinidad and Tobago
4205,Trinidad and Tobago
4206,Trinidad and Tobago
4207,Trinidad and Tobago
4208,Trinidad and Tobago
4209,Trinidad and Tobago
4210,Trinidad and Tobago
4211,Trinidad and Tobago
4212,Trinidad and Tobago
4213,Trinidad and Tobago
4214,Trinidad and Tobago
4215,Trinidad and Tobago
4216,Trinidad and Tobago
4217,Trinidad and Tobago
4218,Trinidad and Tobago
4219,Trinidad and Tobago
4220,Trinidad and Tobago
4221,Trinidad and Tobago
4222,Trinidad and Tobago
4223,Trinidad and Tobago
4224,Trinidad and Tobago
4225,Trinidad and Tobago
4226,Trinidad and Tobago
4227,Trinidad and Tobago
4228,Uganda
4229,Uganda
4230,Uganda
4231,Uganda
4232,Uganda
4233,Uganda
4234,Uganda
4235,Uganda
4236,Uganda
4237,Uganda
4238,Uganda
4239,Uganda
4240,Uganda
4241,Uganda
4242,Uganda
4243,Uganda
4244,Uganda
4245,Uganda
4246,Uganda
4247,Uganda
4248,Uganda
4249,Uganda
4250,Uganda
4251,Uganda
4252,Uganda
4253,Uganda
4254,Uganda
4255,Uganda
4256,Uganda
4257,Uganda
4258,Uganda
4259,Uganda
4260,Uganda
4261,Uganda
4262,Uganda
4263,Uganda
4264,Uganda
4265,Uganda
4266,Uganda
4267,Uganda
4268,Uganda
4269,Uganda
4270,Uganda
4271,Uganda
4272,Uganda
4273,Uganda
4274,Uganda
4275,Uganda
4276,Uganda
4277,Uganda
4278,Uganda
4279,Uganda
4280,Uganda
4281,Uganda
4282,Uganda
4283,Uganda
4284,Uganda
4285,Uganda
4286,United Republic of Tanzania
4287,United Republic of Tanzania
4288,United Republic of Tanzania
4289,United Republic of Tanzania
4290,United Republic of Tanzania
4291,United Republic of Tanzania
4292,United Republic of Tanzania
4293,United Republic of Tanzania
4294,United Republic of Tanzania
4295,United Republic of Tanzania
4296,United Republic of Tanzania
4297,United Republic of Tanzania
4298,United Republic of Tanzania
4299,United Republic of Tanzania
4300,United Republic of Tanzania
4301,United Republic of Tanzania
4302,United Republic of Tanzania
4303,United Republic of Tanzania
4304,United Republic of Tanzania
4305,United Republic of Tanzania
4306,United Republic of Tanzania
4307,United Republic of Tanzania
4308,United Republic of Tanzania
4309,United Republic of Tanzania
4310,United Republic of Tanzania
4311,United Republic of Tanzania
4312,United Republic of Tanzania
4313,United Republic of Tanzania
4314,United Republic of Tanzania
4315,United Republic of Tanzania
4316,United Republic of Tanzania
4317,United Republic of Tanzania
4318,United Republic of Tanzania
4319,United Republic of Tanzania
4320,United Republic of Tanzania
4321,United Republic of Tanzania
4322,United Republic of Tanzania
4323,United Republic of Tanzania
4324,United Republic of Tanzania
4325,United Republic of Tanzania
4326,United Republic of Tanzania
4327,United Republic of Tanzania
4328,United Republic of Tanzania
4329,United Republic of Tanzania
4330,United Republic of Tanzania
4331,United Republic of Tanzania
4332,United Republic of Tanzania
4333,United Republic of Tanzania
4334,United Republic of Tanzania
4335,United Republic of Tanzania
4336,United Republic of Tanzania
4337,United Republic of Tanzania
4338,United Republic of Tanzania
4339,United Republic of Tanzania
4340,United Republic of Tanzania
4341,United Republic of Tanzania
4342,United Republic of Tanzania
4343,United Republic of Tanzania
4344,United States of America
4345,United States of America
4346,United States of America
4347,United States of America
4348,United States of America
4349,United States of America
4350,United States of America
4351,United States of America
4352,United States of America
4353,United States of America
4354,United States of America
4355,United States of America
4356,United States of America
4357,United States of America
4358,United States of America
4359,United States of America
4360,United States of America
4361,United States of America
4362,United States of America
4363,United States of America
4364,United States of America
4365,United States of America
4366,United States of America
4367,United States of America
4368,United States of America
4369,United States of America
4370,United States of America
4371,United States of America
4372,United States of America
4373,United States of America
4374,United States of America
4375,United States of America
4376,United States of America
4377,United States of America
4378,United States of America
4379,United States of America
4380,United States of America
4381,United States of America
4382,United States of America
4383,United States of America
4384,United States of America
4385,United States of America
4386,United States of America
4387,United States of America
4388,United States of America
4389,United States of America
4390,United States of America
4391,United States of America
4392,United States of America
4393,United States of America
4394,United States of America
4395,United States of America
4396,United States of America
4397,United States of America
4398,United States of America
4399,United States of America
4400,United States of America
4401,United States of America
4402,Vanuatu
4403,Vanuatu
4404,Vanuatu
4405,Vanuatu
4406,Vanuatu
4407,Vanuatu
4408,Vanuatu
4409,Vanuatu
4410,Vanuatu
4411,Vanuatu
4412,Vanuatu
4413,Vanuatu
4414,Vanuatu
4415,Vanuatu
4416,Vanuatu
4417,Vanuatu
4418,Vanuatu
4419,Vanuatu
4420,Vanuatu
4421,Vanuatu
4422,Vanuatu
4423,Vanuatu
4424,Vanuatu
4425,Vanuatu
4426,Vanuatu
4427,Vanuatu
4428,Vanuatu
4429,Vanuatu
4430,Vanuatu
4431,Vanuatu
4432,Vanuatu
4433,Vanuatu
4434,Vanuatu
4435,Vanuatu
4436,Vanuatu
4437,Vanuatu
4438,Vanuatu
4439,Vanuatu
4440,Vanuatu
4441,Vanuatu
4442,Vanuatu
4443,Vanuatu
4444,Vanuatu
4445,Vanuatu
4446,Vanuatu
4447,Vanuatu
4448,Vanuatu
4449,Vanuatu
4450,Vanuatu
4451,Vanuatu
4452,Vanuatu
4453,Vanuatu
4454,Vanuatu
4455,Vanuatu
4456,Vanuatu
4457,Vanuatu
4458,Vanuatu
4459,Vanuatu
4460,Venezuela (Bolivarian Republic of)
4461,Venezuela (Bolivarian Republic of)
4462,Venezuela (Bolivarian Republic of)
4463,Venezuela (Bolivarian Republic of)
4464,Venezuela (Bolivarian Republic of)
4465,Venezuela (Bolivarian Republic of)
4466,Venezuela (Bolivarian Republic of)
4467,Venezuela (Bolivarian Republic of)
4468,Venezuela (Bolivarian Republic of)
4469,Venezuela (Bolivarian Republic of)
4470,Venezuela (Bolivarian Republic of)
4471,Venezuela (Bolivarian Republic of)
4472,Venezuela (Bolivarian Republic of)
4473,Venezuela (Bolivarian Republic of)
4474,Venezuela (Bolivarian Republic of)
4475,Venezuela (Bolivarian Republic of)
4476,Venezuela (Bolivarian Republic of)
4477,Venezuela (Bolivarian Republic of)
4478,Venezuela (Bolivarian Republic of)
4479,Venezuela (Bolivarian Republic of)
4480,Venezuela (Bolivarian Republic of)
4481,Venezuela (Bolivarian Republic of)
4482,Venezuela (Bolivarian Republic of)
4483,Venezuela (Bolivarian Republic of)
4484,Venezuela (Bolivarian Republic of)
4485,Venezuela (Bolivarian Republic of)
4486,Venezuela (Bolivarian Republic of)
4487,Venezuela (Bolivarian Republic of)
4488,Venezuela (Bolivarian Republic of)
4489,Venezuela (Bolivarian Republic of)
4490,Venezuela (Bolivarian Republic of)
4491,Venezuela (Bolivarian Republic of)
4492,Venezuela (Bolivarian Republic of)
4493,Venezuela (Bolivarian Republic of)
4494,Venezuela (Bolivarian Republic of)
4495,Venezuela (Bolivarian Republic of)
4496,Venezuela (Bolivarian Republic of)
4497,Venezuela (Bolivarian Republic of)
4498,Venezuela (Bolivarian Republic of)
4499,Venezuela (Bolivarian Republic of)
4500,Venezuela (Bolivarian Republic of)
4501,Venezuela (Bolivarian Republic of)
4502,Venezuela (Bolivarian Republic of)
4503,Venezuela (Bolivarian Republic of)
4504,Venezuela (Bolivarian Republic of)
4505,Venezuela (Bolivarian Republic of)
4506,Venezuela (Bolivarian Republic of)
4507,Venezuela (Bolivarian Republic of)
4508,Venezuela (Bolivarian Republic of)
4509,Venezuela (Bolivarian Republic of)
4510,Venezuela (Bolivarian Republic of)
4511,Venezuela (Bolivarian Republic of)
4512,Venezuela (Bolivarian Republic of)
4513,Venezuela (Bolivarian Republic of)
4514,Venezuela (Bolivarian Republic of)
4515,Venezuela (Bolivarian Republic of)
4516,Venezuela (Bolivarian Republic of)
4517,Venezuela (Bolivarian Republic of)
4518,Viet Nam
4519,Viet Nam
4520,Viet Nam
4521,Viet Nam
4522,Viet Nam
4523,Viet Nam
4524,Viet Nam
4525,Viet Nam
4526,Viet Nam
4527,Viet Nam
4528,Viet Nam
4529,Viet Nam
4530,Viet Nam
4531,Viet Nam
4532,Viet Nam
4533,Viet Nam
4534,Viet Nam
4535,Viet Nam
4536,Viet Nam
4537,Viet Nam
4538,Viet Nam
4539,Viet Nam
4540,Viet Nam
4541,Viet Nam
4542,Viet Nam
4543,Viet Nam
4544,Viet Nam
4545,Viet Nam
4546,Viet Nam
4547,Viet Nam
4548,Viet Nam
4549,Viet Nam
4550,Viet Nam
4551,Viet Nam
4552,Viet Nam
4553,Viet Nam
4554,Viet Nam
4555,Viet Nam
4556,Viet Nam
4557,Viet Nam
4558,Viet Nam
4559,Viet Nam
4560,Viet Nam
4561,Viet Nam
4562,Viet Nam
4563,Viet Nam
4564,Viet Nam
4565,Viet Nam
4566,Viet Nam
4567,Viet Nam
4568,Viet Nam
4569,Viet Nam
4570,Viet Nam
4571,Viet Nam
4572,Viet Nam
4573,Viet Nam
4574,Viet Nam
4575,Viet Nam
4576,Yemen
4577,Yemen
4578,Yemen
4579,Yemen
4580,Yemen
4581,Yemen
4582,Yemen
4583,Yemen
4584,Yemen
4585,Yemen
4586,Yemen
4587,Yemen
4588,Yemen
4589,Yemen
4590,Yemen
4591,Yemen
4592,Yemen
4593,Yemen
4594,Yemen
4595,Yemen
4596,Yemen
4597,Yemen
4598,Yemen
4599,Yemen
4600,Yemen
4601,Yemen
4602,Yemen
4603,Yemen
4604,Yemen
4605,Yemen
4606,Yemen
4607,Yemen
4608,Yemen
4609,Yemen
4610,Yemen
4611,Yemen
4612,Yemen
4613,Yemen
4614,Yemen
4615,Yemen
4616,Yemen
4617,Yemen
4618,Yemen
4619,Yemen
4620,Yemen
4621,Yemen
4622,Yemen
4623,Yemen
4624,Yemen
4625,Yemen
4626,Yemen
4627,Yemen
4628,Yemen
4629,Yemen
4630,Yemen
4631,Yemen
4632,Yemen
4633,Yemen
4634,Zambia
4635,Zambia
4636,Zambia
4637,Zambia
4638,Zambia
4639,Zambia
4640,Zambia
4641,Zambia
4642,Zambia
4643,Zambia
4644,Zambia
4645,Zambia
4646,Zambia
4647,Zambia
4648,Zambia
4649,Zambia
4650,Zambia
4651,Zambia
4652,Zambia
4653,Zambia
4654,Zambia
4655,Zambia
4656,Zambia
4657,Zambia
4658,Zambia
4659,Zambia
4660,Zambia
4661,Zambia
4662,Zambia
4663,Zambia
4664,Zambia
4665,Zambia
4666,Zambia
4667,Zambia
4668,Zambia
4669,Zambia
4670,Zambia
4671,Zambia
4672,Zambia
4673,Zambia
4674,Zambia
4675,Zambia
4676,Zambia
4677,Zambia
4678,Zambia
4679,Zambia
4680,Zambia
4681,Zambia
4682,Zambia
4683,Zambia
4684,Zambia
4685,Zambia
4686,Zambia
4687,Zimbabwe
4688,Zimbabwe
4689,Zimbabwe
4690,Zimbabwe
4691,Zimbabwe
4692,Zimbabwe
4693,Zimbabwe
4694,Zimbabwe
4695,Zimbabwe
4696,Zimbabwe
4697,Zimbabwe
4698,Zimbabwe
4699,Zimbabwe
4700,Zimbabwe
4701,Zimbabwe
4702,Zimbabwe
4703,Zimbabwe
4704,Zimbabwe
4705,Zimbabwe
4706,Zimbabwe
4707,Zimbabwe
4708,Zimbabwe
4709,Zimbabwe
4710,Zimbabwe
4711,Zimbabwe
4712,Zimbabwe
4713,Zimbabwe
4714,Zimbabwe
4715,Zimbabwe
4716,Zimbabwe
4717,Zimbabwe
4718,Zimbabwe
4719,Zimbabwe
4720,Zimbabwe
4721,Zimbabwe
4722,Zimbabwe
4723,Zimbabwe
4724,Zimbabwe
4725,Zimbabwe
4726,Zimbabwe
4727,Zimbabwe
4728,Zimbabwe
4729,Zimbabwe
4730,Zimbabwe
4731,Zimbabwe
4732,Zimbabwe
4733,Zimbabwe
4734,Zimbabwe
4735,Zimbabwe
4736,Zimbabwe
4737,Zimbabwe
4738,Zimbabwe
4739,Zimbabwe
